day,LAI1982,LAI1983,LAI1984,LAI1985,LAI1986,LAI1987,LAI1988,LAI1989,LAI1990,LAI1991,LAI1992,LAI1993,LAI1994,LAI1995,LAI1996,LAI1997,LAI1998,LAI1999,LAI2000,LAI2001,LAI2002,LAI2003,LAI2004,LAI2005,LAI2006,LAI2007,LAI2008,LAI2009,LAI2010,LAI2011
1,1,1.005,1.01,1.015,1.02,1.025,1.03,1.035,1.04,1.045,1.05,1.055,1.06,1.065,1.07,1.075,1.08,1.085,1.09,1.095,1.1,1.105,1.11,1.115,1.12,1.125,1.13,1.135,1.14,1.1679
2,1,1.005,1.01,1.015,1.02,1.025,1.03,1.035,1.04,1.045,1.05,1.055,1.06,1.065,1.07,1.075,1.08,1.085,1.09,1.095,1.1,1.105,1.11,1.115,1.12,1.125,1.13,1.135,1.1628,1.1679
3,1,1.005,1.01,1.015,1.02,1.025,1.03,1.035,1.04,1.045,1.05,1.055,1.06,1.065,1.07,1.075,1.08,1.085,1.09,1.095,1.1,1.105,1.11,1.115,1.12,1.125,1.13,1.1577,1.1628,1.1679
4,1,1.005,1.01,1.015,1.02,1.025,1.03,1.035,1.04,1.045,1.05,1.055,1.06,1.065,1.07,1.075,1.08,1.085,1.09,1.095,1.1,1.105,1.11,1.115,1.12,1.125,1.1526,1.1577,1.1628,1.1679
5,1,1.005,1.01,1.015,1.02,1.025,1.03,1.035,1.04,1.045,1.05,1.055,1.06,1.065,1.07,1.075,1.08,1.085,1.09,1.095,1.1,1.105,1.11,1.115,1.12,1.1475,1.1526,1.1577,1.1628,1.1679
6,1,1.005,1.01,1.015,1.02,1.025,1.03,1.035,1.04,1.045,1.05,1.055,1.06,1.065,1.07,1.075,1.08,1.085,1.09,1.095,1.1,1.105,1.11,1.115,1.1424,1.1475,1.1526,1.1577,1.1628,1.1679
7,1,1.005,1.01,1.015,1.02,1.025,1.03,1.035,1.04,1.045,1.05,1.055,1.06,1.065,1.07,1.075,1.08,1.085,1.09,1.095,1.1,1.105,1.11,1.1373,1.1424,1.1475,1.1526,1.1577,1.1628,1.1679
8,1,1.005,1.01,1.015,1.02,1.025,1.03,1.035,1.04,1.045,1.05,1.055,1.06,1.065,1.07,1.075,1.08,1.085,1.09,1.095,1.1,1.105,1.1322,1.1373,1.1424,1.1475,1.1526,1.1577,1.1628,1.1679
9,1,1.005,1.01,1.015,1.02,1.025,1.03,1.035,1.04,1.045,1.05,1.055,1.06,1.065,1.07,1.075,1.08,1.085,1.09,1.095,1.1,1.1271,1.1322,1.1373,1.1424,1.1475,1.1526,1.1577,1.1628,1.1679
10,1,1.005,1.01,1.015,1.02,1.025,1.03,1.035,1.04,1.045,1.05,1.055,1.06,1.065,1.07,1.075,1.08,1.085,1.09,1.095,1.122,1.1271,1.1322,1.1373,1.1424,1.1475,1.1526,1.1577,1.1628,1.1679
11,1,1.005,1.01,1.015,1.02,1.025,1.03,1.035,1.04,1.045,1.05,1.055,1.06,1.065,1.07,1.075,1.08,1.085,1.09,1.1169,1.122,1.1271,1.1322,1.1373,1.1424,1.1475,1.1526,1.1577,1.1628,1.1679
12,1,1.005,1.01,1.015,1.02,1.025,1.03,1.035,1.04,1.045,1.05,1.055,1.06,1.065,1.07,1.075,1.08,1.085,1.1118,1.1169,1.122,1.1271,1.1322,1.1373,1.1424,1.1475,1.1526,1.1577,1.1628,1.1679
13,1,1.005,1.01,1.015,1.02,1.025,1.03,1.035,1.04,1.045,1.05,1.055,1.06,1.065,1.07,1.075,1.08,1.1067,1.1118,1.1169,1.122,1.1271,1.1322,1.1373,1.1424,1.1475,1.1526,1.1577,1.1628,1.1679
14,1,1.005,1.01,1.015,1.02,1.025,1.03,1.035,1.04,1.045,1.05,1.055,1.06,1.065,1.07,1.075,1.1016,1.1067,1.1118,1.1169,1.122,1.1271,1.1322,1.1373,1.1424,1.1475,1.1526,1.1577,1.1628,1.1679
15,1,1.005,1.01,1.015,1.02,1.025,1.03,1.035,1.04,1.045,1.05,1.055,1.06,1.065,1.07,1.0965,1.1016,1.1067,1.1118,1.1169,1.122,1.1271,1.1322,1.1373,1.1424,1.1475,1.1526,1.1577,1.1628,1.1679
16,1,1.005,1.01,1.015,1.02,1.025,1.03,1.035,1.04,1.045,1.05,1.055,1.06,1.065,1.0914,1.0965,1.1016,1.1067,1.1118,1.1169,1.122,1.1271,1.1322,1.1373,1.1424,1.1475,1.1526,1.1577,1.1628,1.1679
17,1,1.005,1.01,1.015,1.02,1.025,1.03,1.035,1.04,1.045,1.05,1.055,1.06,1.0863,1.0914,1.0965,1.1016,1.1067,1.1118,1.1169,1.122,1.1271,1.1322,1.1373,1.1424,1.1475,1.1526,1.1577,1.1628,1.1679
18,1,1.005,1.01,1.015,1.02,1.025,1.03,1.035,1.04,1.045,1.05,1.055,1.0812,1.0863,1.0914,1.0965,1.1016,1.1067,1.1118,1.1169,1.122,1.1271,1.1322,1.1373,1.1424,1.1475,1.1526,1.1577,1.1628,1.1679
19,1,1.005,1.01,1.015,1.02,1.025,1.03,1.035,1.04,1.045,1.05,1.0761,1.0812,1.0863,1.0914,1.0965,1.1016,1.1067,1.1118,1.1169,1.122,1.1271,1.1322,1.1373,1.1424,1.1475,1.1526,1.1577,1.1628,1.1679
20,1,1.005,1.01,1.015,1.02,1.025,1.03,1.035,1.04,1.045,1.071,1.0761,1.0812,1.0863,1.0914,1.0965,1.1016,1.1067,1.1118,1.1169,1.122,1.1271,1.1322,1.1373,1.1424,1.1475,1.1526,1.1577,1.1628,1.1679
21,1,1.005,1.01,1.015,1.02,1.025,1.03,1.035,1.04,1.0659,1.071,1.0761,1.0812,1.0863,1.0914,1.0965,1.1016,1.1067,1.1118,1.1169,1.122,1.1271,1.1322,1.1373,1.1424,1.1475,1.1526,1.1577,1.1628,1.1679
22,1,1.005,1.01,1.015,1.02,1.025,1.03,1.035,1.0608,1.0659,1.071,1.0761,1.0812,1.0863,1.0914,1.0965,1.1016,1.1067,1.1118,1.1169,1.122,1.1271,1.1322,1.1373,1.1424,1.1475,1.1526,1.1577,1.1628,1.1679
23,1,1.005,1.01,1.015,1.02,1.025,1.03,1.0557,1.0608,1.0659,1.071,1.0761,1.0812,1.0863,1.0914,1.0965,1.1016,1.1067,1.1118,1.1169,1.122,1.1271,1.1322,1.1373,1.1424,1.1475,1.1526,1.1577,1.1628,1.1679
24,1,1.005,1.01,1.015,1.02,1.025,1.0506,1.0557,1.0608,1.0659,1.071,1.0761,1.0812,1.0863,1.0914,1.0965,1.1016,1.1067,1.1118,1.1169,1.122,1.1271,1.1322,1.1373,1.1424,1.1475,1.1526,1.1577,1.1628,1.1679
25,1,1.005,1.01,1.015,1.02,1.0455,1.0506,1.0557,1.0608,1.0659,1.071,1.0761,1.0812,1.0863,1.0914,1.0965,1.1016,1.1067,1.1118,1.1169,1.122,1.1271,1.1322,1.1373,1.1424,1.1475,1.1526,1.1577,1.1628,1.1679
26,1,1.005,1.01,1.015,1.0404,1.0455,1.0506,1.0557,1.0608,1.0659,1.071,1.0761,1.0812,1.0863,1.0914,1.0965,1.1016,1.1067,1.1118,1.1169,1.122,1.1271,1.1322,1.1373,1.1424,1.1475,1.1526,1.1577,1.1628,1.1679
27,1,1.005,1.01,1.0353,1.0404,1.0455,1.0506,1.0557,1.0608,1.0659,1.071,1.0761,1.0812,1.0863,1.0914,1.0965,1.1016,1.1067,1.1118,1.1169,1.122,1.1271,1.1322,1.1373,1.1424,1.1475,1.1526,1.1577,1.1628,1.1679
28,1,1.005,1.0302,1.0353,1.0404,1.0455,1.0506,1.0557,1.0608,1.0659,1.071,1.0761,1.0812,1.0863,1.0914,1.0965,1.1016,1.1067,1.1118,1.1169,1.122,1.1271,1.1322,1.1373,1.1424,1.1475,1.1526,1.1577,1.1628,1.1679
29,1,1.0251,1.0302,1.0353,1.0404,1.0455,1.0506,1.0557,1.0608,1.0659,1.071,1.0761,1.0812,1.0863,1.0914,1.0965,1.1016,1.1067,1.1118,1.1169,1.122,1.1271,1.1322,1.1373,1.1424,1.1475,1.1526,1.1577,1.1628,1.1679
30,1.02,1.0251,1.0302,1.0353,1.0404,1.0455,1.0506,1.0557,1.0608,1.0659,1.071,1.0761,1.0812,1.0863,1.0914,1.0965,1.1016,1.1067,1.1118,1.1169,1.122,1.1271,1.1322,1.1373,1.1424,1.1475,1.1526,1.1577,1.1628,1.1679
31,1.02,1.0251,1.0302,1.0353,1.0404,1.0455,1.0506,1.0557,1.0608,1.0659,1.071,1.0761,1.0812,1.0863,1.0914,1.0965,1.1016,1.1067,1.1118,1.1169,1.122,1.1271,1.1322,1.1373,1.1424,1.1475,1.1526,1.1577,1.1628,1.1679
32,1.02,1.0251,1.0302,1.0353,1.0404,1.0455,1.0506,1.0557,1.0608,1.0659,1.071,1.0761,1.0812,1.0863,1.0914,1.0965,1.1016,1.1067,1.1118,1.1169,1.122,1.1271,1.1322,1.1373,1.1424,1.1475,1.1526,1.1577,1.1628,1.1908
33,1.02,1.0251,1.0302,1.0353,1.0404,1.0455,1.0506,1.0557,1.0608,1.0659,1.071,1.0761,1.0812,1.0863,1.0914,1.0965,1.1016,1.1067,1.1118,1.1169,1.122,1.1271,1.1322,1.1373,1.1424,1.1475,1.1526,1.1577,1.1856,1.1908
34,1.02,1.0251,1.0302,1.0353,1.0404,1.0455,1.0506,1.0557,1.0608,1.0659,1.071,1.0761,1.0812,1.0863,1.0914,1.0965,1.1016,1.1067,1.1118,1.1169,1.122,1.1271,1.1322,1.1373,1.1424,1.1475,1.1526,1.1804,1.1856,1.1908
35,1.02,1.0251,1.0302,1.0353,1.0404,1.0455,1.0506,1.0557,1.0608,1.0659,1.071,1.0761,1.0812,1.0863,1.0914,1.0965,1.1016,1.1067,1.1118,1.1169,1.122,1.1271,1.1322,1.1373,1.1424,1.1475,1.1752,1.1804,1.1856,1.1908
36,1.02,1.0251,1.0302,1.0353,1.0404,1.0455,1.0506,1.0557,1.0608,1.0659,1.071,1.0761,1.0812,1.0863,1.0914,1.0965,1.1016,1.1067,1.1118,1.1169,1.122,1.1271,1.1322,1.1373,1.1424,1.17,1.1752,1.1804,1.1856,1.1908
37,1.02,1.0251,1.0302,1.0353,1.0404,1.0455,1.0506,1.0557,1.0608,1.0659,1.071,1.0761,1.0812,1.0863,1.0914,1.0965,1.1016,1.1067,1.1118,1.1169,1.122,1.1271,1.1322,1.1373,1.1648,1.17,1.1752,1.1804,1.1856,1.1908
38,1.02,1.0251,1.0302,1.0353,1.0404,1.0455,1.0506,1.0557,1.0608,1.0659,1.071,1.0761,1.0812,1.0863,1.0914,1.0965,1.1016,1.1067,1.1118,1.1169,1.122,1.1271,1.1322,1.1596,1.1648,1.17,1.1752,1.1804,1.1856,1.1908
39,1.02,1.0251,1.0302,1.0353,1.0404,1.0455,1.0506,1.0557,1.0608,1.0659,1.071,1.0761,1.0812,1.0863,1.0914,1.0965,1.1016,1.1067,1.1118,1.1169,1.122,1.1271,1.1544,1.1596,1.1648,1.17,1.1752,1.1804,1.1856,1.1908
40,1.02,1.0251,1.0302,1.0353,1.0404,1.0455,1.0506,1.0557,1.0608,1.0659,1.071,1.0761,1.0812,1.0863,1.0914,1.0965,1.1016,1.1067,1.1118,1.1169,1.122,1.1492,1.1544,1.1596,1.1648,1.17,1.1752,1.1804,1.1856,1.1908
41,1.02,1.0251,1.0302,1.0353,1.0404,1.0455,1.0506,1.0557,1.0608,1.0659,1.071,1.0761,1.0812,1.0863,1.0914,1.0965,1.1016,1.1067,1.1118,1.1169,1.144,1.1492,1.1544,1.1596,1.1648,1.17,1.1752,1.1804,1.1856,1.1908
42,1.02,1.0251,1.0302,1.0353,1.0404,1.0455,1.0506,1.0557,1.0608,1.0659,1.071,1.0761,1.0812,1.0863,1.0914,1.0965,1.1016,1.1067,1.1118,1.1388,1.144,1.1492,1.1544,1.1596,1.1648,1.17,1.1752,1.1804,1.1856,1.1908
43,1.02,1.0251,1.0302,1.0353,1.0404,1.0455,1.0506,1.0557,1.0608,1.0659,1.071,1.0761,1.0812,1.0863,1.0914,1.0965,1.1016,1.1067,1.1336,1.1388,1.144,1.1492,1.1544,1.1596,1.1648,1.17,1.1752,1.1804,1.1856,1.1908
44,1.02,1.0251,1.0302,1.0353,1.0404,1.0455,1.0506,1.0557,1.0608,1.0659,1.071,1.0761,1.0812,1.0863,1.0914,1.0965,1.1016,1.1284,1.1336,1.1388,1.144,1.1492,1.1544,1.1596,1.1648,1.17,1.1752,1.1804,1.1856,1.1908
45,1.02,1.0251,1.0302,1.0353,1.0404,1.0455,1.0506,1.0557,1.0608,1.0659,1.071,1.0761,1.0812,1.0863,1.0914,1.0965,1.1232,1.1284,1.1336,1.1388,1.144,1.1492,1.1544,1.1596,1.1648,1.17,1.1752,1.1804,1.1856,1.1908
46,1.02,1.0251,1.0302,1.0353,1.0404,1.0455,1.0506,1.0557,1.0608,1.0659,1.071,1.0761,1.0812,1.0863,1.0914,1.118,1.1232,1.1284,1.1336,1.1388,1.144,1.1492,1.1544,1.1596,1.1648,1.17,1.1752,1.1804,1.1856,1.1908
47,1.02,1.0251,1.0302,1.0353,1.0404,1.0455,1.0506,1.0557,1.0608,1.0659,1.071,1.0761,1.0812,1.0863,1.1128,1.118,1.1232,1.1284,1.1336,1.1388,1.144,1.1492,1.1544,1.1596,1.1648,1.17,1.1752,1.1804,1.1856,1.1908
48,1.02,1.0251,1.0302,1.0353,1.0404,1.0455,1.0506,1.0557,1.0608,1.0659,1.071,1.0761,1.0812,1.1076,1.1128,1.118,1.1232,1.1284,1.1336,1.1388,1.144,1.1492,1.1544,1.1596,1.1648,1.17,1.1752,1.1804,1.1856,1.1908
49,1.02,1.0251,1.0302,1.0353,1.0404,1.0455,1.0506,1.0557,1.0608,1.0659,1.071,1.0761,1.1024,1.1076,1.1128,1.118,1.1232,1.1284,1.1336,1.1388,1.144,1.1492,1.1544,1.1596,1.1648,1.17,1.1752,1.1804,1.1856,1.1908
50,1.02,1.0251,1.0302,1.0353,1.0404,1.0455,1.0506,1.0557,1.0608,1.0659,1.071,1.0972,1.1024,1.1076,1.1128,1.118,1.1232,1.1284,1.1336,1.1388,1.144,1.1492,1.1544,1.1596,1.1648,1.17,1.1752,1.1804,1.1856,1.1908
51,1.02,1.0251,1.0302,1.0353,1.0404,1.0455,1.0506,1.0557,1.0608,1.0659,1.092,1.0972,1.1024,1.1076,1.1128,1.118,1.1232,1.1284,1.1336,1.1388,1.144,1.1492,1.1544,1.1596,1.1648,1.17,1.1752,1.1804,1.1856,1.1908
52,1.02,1.0251,1.0302,1.0353,1.0404,1.0455,1.0506,1.0557,1.0608,1.0868,1.092,1.0972,1.1024,1.1076,1.1128,1.118,1.1232,1.1284,1.1336,1.1388,1.144,1.1492,1.1544,1.1596,1.1648,1.17,1.1752,1.1804,1.1856,1.1908
53,1.02,1.0251,1.0302,1.0353,1.0404,1.0455,1.0506,1.0557,1.0816,1.0868,1.092,1.0972,1.1024,1.1076,1.1128,1.118,1.1232,1.1284,1.1336,1.1388,1.144,1.1492,1.1544,1.1596,1.1648,1.17,1.1752,1.1804,1.1856,1.1908
54,1.02,1.0251,1.0302,1.0353,1.0404,1.0455,1.0506,1.0764,1.0816,1.0868,1.092,1.0972,1.1024,1.1076,1.1128,1.118,1.1232,1.1284,1.1336,1.1388,1.144,1.1492,1.1544,1.1596,1.1648,1.17,1.1752,1.1804,1.1856,1.1908
55,1.02,1.0251,1.0302,1.0353,1.0404,1.0455,1.0712,1.0764,1.0816,1.0868,1.092,1.0972,1.1024,1.1076,1.1128,1.118,1.1232,1.1284,1.1336,1.1388,1.144,1.1492,1.1544,1.1596,1.1648,1.17,1.1752,1.1804,1.1856,1.1908
56,1.02,1.0251,1.0302,1.0353,1.0404,1.066,1.0712,1.0764,1.0816,1.0868,1.092,1.0972,1.1024,1.1076,1.1128,1.118,1.1232,1.1284,1.1336,1.1388,1.144,1.1492,1.1544,1.1596,1.1648,1.17,1.1752,1.1804,1.1856,1.20225
57,1.02,1.0251,1.0302,1.0353,1.0608,1.066,1.0712,1.0764,1.0816,1.0868,1.092,1.0972,1.1024,1.1076,1.1128,1.118,1.1232,1.1284,1.1336,1.1388,1.144,1.1492,1.1544,1.1596,1.1648,1.17,1.1752,1.1804,1.197,1.2137
58,1.02,1.0251,1.0302,1.0556,1.0608,1.066,1.0712,1.0764,1.0816,1.0868,1.092,1.0972,1.1024,1.1076,1.1128,1.118,1.1232,1.1284,1.1336,1.1388,1.144,1.1492,1.1544,1.1596,1.1648,1.17,1.1752,1.19175,1.2084,1.22515
59,1.02,1.0251,1.0504,1.0556,1.0608,1.066,1.0712,1.0764,1.0816,1.0868,1.092,1.0972,1.1024,1.1076,1.1128,1.118,1.1232,1.1284,1.1336,1.1388,1.144,1.1492,1.1544,1.1596,1.1648,1.17,1.1865,1.2031,1.2198,1.2366
60,1.02,1.0452,1.0504,1.0556,1.0608,1.066,1.0712,1.0764,1.0816,1.0868,1.092,1.0972,1.1024,1.1076,1.1128,1.118,1.1232,1.1284,1.1336,1.1388,1.144,1.1492,1.1544,1.1596,1.1648,1.18125,1.1978,1.21445,1.2312,1.24805
61,1.04,1.0452,1.0504,1.0556,1.0608,1.066,1.0712,1.0764,1.0816,1.0868,1.092,1.0972,1.1024,1.1076,1.1128,1.118,1.1232,1.1284,1.1336,1.1388,1.144,1.1492,1.1544,1.1596,1.176,1.1925,1.2091,1.2258,1.2426,1.2595
62,1.04,1.0452,1.0504,1.0556,1.0608,1.066,1.0712,1.0764,1.0816,1.0868,1.092,1.0972,1.1024,1.1076,1.1128,1.118,1.1232,1.1284,1.1336,1.1388,1.144,1.1492,1.1544,1.17075,1.1872,1.20375,1.2204,1.23715,1.254,1.374
63,1.04,1.0452,1.0504,1.0556,1.0608,1.066,1.0712,1.0764,1.0816,1.0868,1.092,1.0972,1.1024,1.1076,1.1128,1.118,1.1232,1.1284,1.1336,1.1388,1.144,1.1492,1.1655,1.1819,1.1984,1.215,1.2317,1.2485,1.368,1.4885
64,1.04,1.0452,1.0504,1.0556,1.0608,1.066,1.0712,1.0764,1.0816,1.0868,1.092,1.0972,1.1024,1.1076,1.1128,1.118,1.1232,1.1284,1.1336,1.1388,1.144,1.16025,1.1766,1.19305,1.2096,1.22625,1.243,1.362,1.482,1.603
65,1.04,1.0452,1.0504,1.0556,1.0608,1.066,1.0712,1.0764,1.0816,1.0868,1.092,1.0972,1.1024,1.1076,1.1128,1.118,1.1232,1.1284,1.1336,1.1388,1.155,1.1713,1.1877,1.2042,1.2208,1.2375,1.356,1.4755,1.596,1.7175
66,1.04,1.0452,1.0504,1.0556,1.0608,1.066,1.0712,1.0764,1.0816,1.0868,1.092,1.0972,1.1024,1.1076,1.1128,1.118,1.1232,1.1284,1.1336,1.14975,1.166,1.18235,1.1988,1.21535,1.232,1.35,1.469,1.589,1.71,1.832
67,1.04,1.0452,1.0504,1.0556,1.0608,1.066,1.0712,1.0764,1.0816,1.0868,1.092,1.0972,1.1024,1.1076,1.1128,1.118,1.1232,1.1284,1.1445,1.1607,1.177,1.1934,1.2099,1.2265,1.344,1.4625,1.582,1.7025,1.824,1.9465
68,1.04,1.0452,1.0504,1.0556,1.0608,1.066,1.0712,1.0764,1.0816,1.0868,1.092,1.0972,1.1024,1.1076,1.1128,1.118,1.1232,1.13925,1.1554,1.17165,1.188,1.20445,1.221,1.338,1.456,1.575,1.695,1.816,1.938,2.061
69,1.04,1.0452,1.0504,1.0556,1.0608,1.066,1.0712,1.0764,1.0816,1.0868,1.092,1.0972,1.1024,1.1076,1.1128,1.118,1.134,1.1501,1.1663,1.1826,1.199,1.2155,1.332,1.4495,1.568,1.6875,1.808,1.9295,2.052,2.1755
70,1.04,1.0452,1.0504,1.0556,1.0608,1.066,1.0712,1.0764,1.0816,1.0868,1.092,1.0972,1.1024,1.1076,1.1128,1.12875,1.1448,1.16095,1.1772,1.19355,1.21,1.326,1.443,1.561,1.68,1.8,1.921,2.043,2.166,2.29
71,1.04,1.0452,1.0504,1.0556,1.0608,1.066,1.0712,1.0764,1.0816,1.0868,1.092,1.0972,1.1024,1.1076,1.1235,1.1395,1.1556,1.1718,1.1881,1.2045,1.32,1.4365,1.554,1.6725,1.792,1.9125,2.034,2.1565,2.28,2.29
72,1.04,1.0452,1.0504,1.0556,1.0608,1.066,1.0712,1.0764,1.0816,1.0868,1.092,1.0972,1.1024,1.11825,1.1342,1.15025,1.1664,1.18265,1.199,1.314,1.43,1.547,1.665,1.784,1.904,2.025,2.147,2.27,2.28,2.29
73,1.04,1.0452,1.0504,1.0556,1.0608,1.066,1.0712,1.0764,1.0816,1.0868,1.092,1.0972,1.113,1.1289,1.1449,1.161,1.1772,1.1935,1.308,1.4235,1.54,1.6575,1.776,1.8955,2.016,2.1375,2.26,2.27,2.28,2.29
74,1.04,1.0452,1.0504,1.0556,1.0608,1.066,1.0712,1.0764,1.0816,1.0868,1.092,1.10775,1.1236,1.13955,1.1556,1.17175,1.188,1.302,1.417,1.533,1.65,1.768,1.887,2.007,2.128,2.25,2.26,2.27,2.28,2.29
75,1.04,1.0452,1.0504,1.0556,1.0608,1.066,1.0712,1.0764,1.0816,1.0868,1.1025,1.1183,1.1342,1.1502,1.1663,1.1825,1.296,1.4105,1.526,1.6425,1.76,1.8785,1.998,2.1185,2.24,2.25,2.26,2.27,2.28,2.29
76,1.04,1.0452,1.0504,1.0556,1.0608,1.066,1.0712,1.0764,1.0816,1.09725,1.113,1.12885,1.1448,1.16085,1.177,1.29,1.404,1.519,1.635,1.752,1.87,1.989,2.109,2.23,2.24,2.25,2.26,2.27,2.28,2.29
77,1.04,1.0452,1.0504,1.0556,1.0608,1.066,1.0712,1.0764,1.092,1.1077,1.1235,1.1394,1.1554,1.1715,1.284,1.3975,1.512,1.6275,1.744,1.8615,1.98,2.0995,2.22,2.23,2.24,2.25,2.26,2.27,2.28,2.3129
78,1.04,1.0452,1.0504,1.0556,1.0608,1.066,1.0712,1.08675,1.1024,1.11815,1.134,1.14995,1.166,1.278,1.391,1.505,1.62,1.736,1.853,1.971,2.09,2.21,2.22,2.23,2.24,2.25,2.26,2.27,2.3028,2.3129
79,1.04,1.0452,1.0504,1.0556,1.0608,1.066,1.0815,1.0971,1.1128,1.1286,1.1445,1.1605,1.272,1.3845,1.498,1.6125,1.728,1.8445,1.962,2.0805,2.2,2.21,2.22,2.23,2.24,2.25,2.26,2.2927,2.3028,2.3129
80,1.04,1.0452,1.0504,1.0556,1.0608,1.07625,1.0918,1.10745,1.1232,1.13905,1.155,1.266,1.378,1.491,1.605,1.72,1.836,1.953,2.071,2.19,2.2,2.21,2.22,2.23,2.24,2.25,2.2826,2.2927,2.3028,2.3358
81,1.04,1.0452,1.0504,1.0556,1.071,1.0865,1.1021,1.1178,1.1336,1.1495,1.26,1.3715,1.484,1.5975,1.712,1.8275,1.944,2.0615,2.18,2.19,2.2,2.21,2.22,2.23,2.24,2.2725,2.2826,2.2927,2.3256,2.3816
82,1.04,1.0452,1.0504,1.06575,1.0812,1.09675,1.1124,1.12815,1.144,1.254,1.365,1.477,1.59,1.704,1.819,1.935,2.052,2.17,2.18,2.19,2.2,2.21,2.22,2.23,2.2624,2.2725,2.2826,2.3154,2.3712,2.4045
83,1.04,1.0452,1.0605,1.0759,1.0914,1.107,1.1227,1.1385,1.248,1.3585,1.47,1.5825,1.696,1.8105,1.926,2.0425,2.16,2.17,2.18,2.19,2.2,2.21,2.22,2.2523,2.2624,2.2725,2.3052,2.3608,2.394,2.6335
84,1.04,1.05525,1.0706,1.08605,1.1016,1.11725,1.133,1.242,1.352,1.463,1.575,1.688,1.802,1.917,2.033,2.15,2.16,2.17,2.18,2.19,2.2,2.21,2.2422,2.2523,2.2624,2.295,2.3504,2.3835,2.622,2.6335
85,1.05,1.0653,1.0807,1.0962,1.1118,1.1275,1.236,1.3455,1.456,1.5675,1.68,1.7935,1.908,2.0235,2.14,2.15,2.16,2.17,2.18,2.19,2.2,2.2321,2.2422,2.2523,2.2848,2.34,2.373,2.6105,2.622,2.6335
86,1.06,1.07535,1.0908,1.10635,1.122,1.23,1.339,1.449,1.56,1.672,1.785,1.899,2.014,2.13,2.14,2.15,2.16,2.17,2.18,2.19,2.222,2.2321,2.2422,2.2746,2.3296,2.3625,2.599,2.6105,2.622,2.748
87,1.07,1.0854,1.1009,1.1165,1.224,1.3325,1.442,1.5525,1.664,1.7765,1.89,2.0045,2.12,2.13,2.14,2.15,2.16,2.17,2.18,2.2119,2.222,2.2321,2.2644,2.3192,2.352,2.5875,2.599,2.6105,2.736,2.748
88,1.08,1.09545,1.111,1.218,1.326,1.435,1.545,1.656,1.768,1.881,1.995,2.11,2.12,2.13,2.14,2.15,2.16,2.17,2.2018,2.2119,2.222,2.2542,2.3088,2.3415,2.576,2.5875,2.599,2.724,2.736,2.748
89,1.09,1.1055,1.212,1.3195,1.428,1.5375,1.648,1.7595,1.872,1.9855,2.1,2.11,2.12,2.13,2.14,2.15,2.16,2.1917,2.2018,2.2119,2.244,2.2984,2.331,2.5645,2.576,2.5875,2.712,2.724,2.736,2.977
90,1.1,1.206,1.313,1.421,1.53,1.64,1.751,1.863,1.976,2.09,2.1,2.11,2.12,2.13,2.14,2.15,2.1816,2.1917,2.2018,2.2338,2.288,2.3205,2.553,2.5645,2.576,2.7,2.712,2.724,2.964,3.03425
91,1.2,1.3065,1.414,1.5225,1.632,1.7425,1.854,1.9665,2.08,2.09,2.1,2.11,2.12,2.13,2.14,2.1715,2.1816,2.1917,2.2236,2.2776,2.31,2.5415,2.553,2.5645,2.688,2.7,2.712,2.951,3.021,3.05715
92,1.3,1.407,1.515,1.624,1.734,1.845,1.957,2.07,2.08,2.09,2.1,2.11,2.12,2.13,2.1614,2.1715,2.1816,2.2134,2.2672,2.2995,2.53,2.5415,2.553,2.676,2.688,2.7,2.938,3.00775,3.0438,3.08005
93,1.4,1.5075,1.616,1.7255,1.836,1.9475,2.06,2.07,2.08,2.09,2.1,2.11,2.12,2.1513,2.1614,2.1715,2.2032,2.2568,2.289,2.5185,2.53,2.5415,2.664,2.676,2.688,2.925,2.9945,3.03045,3.0666,3.10295
94,1.5,1.608,1.717,1.827,1.938,2.05,2.06,2.07,2.08,2.09,2.1,2.11,2.1412,2.1513,2.1614,2.193,2.2464,2.2785,2.507,2.5185,2.53,2.652,2.664,2.676,2.912,2.98125,3.0171,3.05315,3.0894,3.12585
95,1.6,1.7085,1.818,1.9285,2.04,2.05,2.06,2.07,2.08,2.09,2.1,2.1311,2.1412,2.1513,2.1828,2.236,2.268,2.4955,2.507,2.5185,2.64,2.652,2.664,2.899,2.968,3.00375,3.0397,3.07585,3.1122,3.14875
96,1.7,1.809,1.919,2.03,2.04,2.05,2.06,2.07,2.08,2.09,2.121,2.1311,2.1412,2.1726,2.2256,2.2575,2.484,2.4955,2.507,2.628,2.64,2.652,2.886,2.95475,2.9904,3.02625,3.0623,3.09855,3.135,3.17165
97,1.8,1.9095,2.02,2.03,2.04,2.05,2.06,2.07,2.08,2.1109,2.121,2.1311,2.1624,2.2152,2.247,2.4725,2.484,2.4955,2.616,2.628,2.64,2.873,2.9415,2.97705,3.0128,3.04875,3.0849,3.12125,3.1578,3.19455
98,1.9,2.01,2.02,2.03,2.04,2.05,2.06,2.07,2.1008,2.1109,2.121,2.1522,2.2048,2.2365,2.461,2.4725,2.484,2.604,2.616,2.628,2.86,2.92825,2.9637,2.99935,3.0352,3.07125,3.1075,3.14395,3.1806,3.21745
99,2,2.01,2.02,2.03,2.04,2.05,2.06,2.0907,2.1008,2.1109,2.142,2.1944,2.226,2.4495,2.461,2.4725,2.592,2.604,2.616,2.847,2.915,2.95035,2.9859,3.02165,3.0576,3.09375,3.1301,3.16665,3.2034,3.24035
100,2,2.01,2.02,2.03,2.04,2.05,2.0806,2.0907,2.1008,2.1318,2.184,2.2155,2.438,2.4495,2.461,2.58,2.592,2.604,2.834,2.90175,2.937,2.97245,3.0081,3.04395,3.08,3.11625,3.1527,3.18935,3.2262,3.26325
101,2,2.01,2.02,2.03,2.04,2.0705,2.0806,2.0907,2.1216,2.1736,2.205,2.4265,2.438,2.4495,2.568,2.58,2.592,2.821,2.8885,2.92365,2.959,2.99455,3.0303,3.06625,3.1024,3.13875,3.1753,3.21205,3.249,3.28615
102,2,2.01,2.02,2.03,2.0604,2.0705,2.0806,2.1114,2.1632,2.1945,2.415,2.4265,2.438,2.556,2.568,2.58,2.808,2.87525,2.9103,2.94555,2.981,3.01665,3.0525,3.08855,3.1248,3.16125,3.1979,3.23475,3.2718,3.30905
103,2,2.01,2.02,2.0503,2.0604,2.0705,2.1012,2.1528,2.184,2.4035,2.415,2.4265,2.544,2.556,2.568,2.795,2.862,2.89695,2.9321,2.96745,3.003,3.03875,3.0747,3.11085,3.1472,3.18375,3.2205,3.25745,3.2946,3.310195
104,2,2.01,2.0402,2.0503,2.0604,2.091,2.1424,2.1735,2.392,2.4035,2.415,2.532,2.544,2.556,2.782,2.84875,2.8836,2.91865,2.9539,2.98935,3.025,3.06085,3.0969,3.13315,3.1696,3.20625,3.2431,3.28015,3.29574,3.31134
105,2,2.0301,2.0402,2.0503,2.0808,2.132,2.163,2.3805,2.392,2.4035,2.52,2.532,2.544,2.769,2.8355,2.87025,2.9052,2.94035,2.9757,3.01125,3.047,3.08295,3.1191,3.15545,3.192,3.22875,3.2657,3.281285,3.29688,3.312485
106,2.02,2.0301,2.0402,2.0706,2.1216,2.1525,2.369,2.3805,2.392,2.508,2.52,2.532,2.756,2.82225,2.8569,2.89175,2.9268,2.96205,2.9975,3.03315,3.069,3.10505,3.1413,3.17775,3.2144,3.25125,3.26683,3.28242,3.29802,3.31363
107,2.02,2.0301,2.0604,2.1112,2.142,2.3575,2.369,2.3805,2.496,2.508,2.52,2.743,2.809,2.84355,2.8783,2.91325,2.9484,2.98375,3.0193,3.05505,3.091,3.12715,3.1635,3.20005,3.2368,3.252375,3.26796,3.283555,3.29916,3.314775
108,2.02,2.0502,2.1008,2.1315,2.346,2.3575,2.369,2.484,2.496,2.508,2.73,2.79575,2.8302,2.86485,2.8997,2.93475,2.97,3.00545,3.0411,3.07695,3.113,3.14925,3.1857,3.22235,3.23792,3.2535,3.26909,3.28469,3.3003,3.31592
109,2.04,2.0904,2.121,2.3345,2.346,2.3575,2.472,2.484,2.496,2.717,2.7825,2.81685,2.8514,2.88615,2.9211,2.95625,2.9916,3.02715,3.0629,3.09885,3.135,3.17135,3.2079,3.223465,3.23904,3.254625,3.27022,3.285825,3.30144,3.317065
110,2.08,2.1105,2.323,2.3345,2.346,2.46,2.472,2.484,2.704,2.76925,2.8035,2.83795,2.8726,2.90745,2.9425,2.97775,3.0132,3.04885,3.0847,3.12075,3.157,3.19345,3.20901,3.22458,3.24016,3.25575,3.27135,3.28696,3.30258,3.31821
111,2.1,2.3115,2.323,2.3345,2.448,2.46,2.472,2.691,2.756,2.79015,2.8245,2.85905,2.8938,2.92875,2.9639,2.99925,3.0348,3.07055,3.1065,3.14265,3.179,3.194555,3.21012,3.225695,3.24128,3.256875,3.27248,3.288095,3.30372,3.319355
112,2.3,2.3115,2.323,2.436,2.448,2.46,2.678,2.74275,2.7768,2.81105,2.8455,2.88015,2.915,2.95005,2.9853,3.02075,3.0564,3.09225,3.1283,3.16455,3.1801,3.19566,3.21123,3.22681,3.2424,3.258,3.27361,3.28923,3.30486,3.3205
113,2.3,2.3115,2.424,2.436,2.448,2.665,2.7295,2.76345,2.7976,2.83195,2.8665,2.90125,2.9362,2.97135,3.0067,3.04225,3.078,3.11395,3.1501,3.165645,3.1812,3.196765,3.21234,3.227925,3.24352,3.259125,3.27474,3.290365,3.306,3.321645
114,2.3,2.412,2.424,2.436,2.652,2.71625,2.7501,2.78415,2.8184,2.85285,2.8875,2.92235,2.9574,2.99265,3.0281,3.06375,3.0996,3.13565,3.15119,3.16674,3.1823,3.19787,3.21345,3.22904,3.24464,3.26025,3.27587,3.2915,3.30714,3.32279
115,2.4,2.412,2.424,2.639,2.703,2.73675,2.7707,2.80485,2.8392,2.87375,2.9085,2.94345,2.9786,3.01395,3.0495,3.08525,3.1212,3.136735,3.15228,3.167835,3.1834,3.198975,3.21456,3.230155,3.24576,3.261375,3.277,3.292635,3.30828,3.323935
116,2.4,2.412,2.626,2.68975,2.7234,2.75725,2.7913,2.82555,2.86,2.89465,2.9295,2.96455,2.9998,3.03525,3.0709,3.10675,3.12228,3.13782,3.15337,3.16893,3.1845,3.20008,3.21567,3.23127,3.24688,3.2625,3.27813,3.29377,3.30942,3.32508
117,2.4,2.613,2.6765,2.71005,2.7438,2.77775,2.8119,2.84625,2.8808,2.91555,2.9505,2.98565,3.021,3.05655,3.0923,3.107825,3.12336,3.138905,3.15446,3.170025,3.1856,3.201185,3.21678,3.232385,3.248,3.263625,3.27926,3.294905,3.31056,3.326225
118,2.6,2.66325,2.6967,2.73035,2.7642,2.79825,2.8325,2.86695,2.9016,2.93645,2.9715,3.00675,3.0422,3.07785,3.09337,3.1089,3.12444,3.13999,3.15555,3.17112,3.1867,3.20229,3.21789,3.2335,3.24912,3.26475,3.28039,3.29604,3.3117,3.32737
119,2.65,2.68335,2.7169,2.75065,2.7846,2.81875,2.8531,2.88765,2.9224,2.95735,2.9925,3.02785,3.0634,3.078915,3.09444,3.109975,3.12552,3.141075,3.15664,3.172215,3.1878,3.203395,3.219,3.234615,3.25024,3.265875,3.28152,3.297175,3.31284,3.328515
120,2.67,2.70345,2.7371,2.77095,2.805,2.83925,2.8737,2.90835,2.9432,2.97825,3.0135,3.04895,3.06446,3.07998,3.09551,3.11105,3.1266,3.14216,3.15773,3.17331,3.1889,3.2045,3.22011,3.23573,3.25136,3.267,3.28265,3.29831,3.31398,3.32966
121,2.69,2.72355,2.7573,2.79125,2.8254,2.85975,2.8943,2.92905,2.964,2.99915,3.0345,3.050005,3.06552,3.081045,3.09658,3.112125,3.12768,3.143245,3.15882,3.174405,3.19,3.205605,3.22122,3.236845,3.25248,3.268125,3.28378,3.299445,3.31512,3.330805
122,2.71,2.74365,2.7775,2.81155,2.8458,2.88025,2.9149,2.94975,2.9848,3.02005,3.03555,3.05106,3.06658,3.08211,3.09765,3.1132,3.12876,3.14433,3.15991,3.1755,3.1911,3.20671,3.22233,3.23796,3.2536,3.26925,3.28491,3.30058,3.31626,3.33195
123,2.73,2.76375,2.7977,2.83185,2.8662,2.90075,2.9355,2.97045,3.0056,3.021095,3.0366,3.052115,3.06764,3.083175,3.09872,3.114275,3.12984,3.145415,3.161,3.176595,3.1922,3.207815,3.22344,3.239075,3.25472,3.270375,3.28604,3.301715,3.3174,3.333095
124,2.75,2.78385,2.8179,2.85215,2.8866,2.92125,2.9561,2.99115,3.00664,3.02214,3.03765,3.05317,3.0687,3.08424,3.09979,3.11535,3.13092,3.1465,3.16209,3.17769,3.1933,3.20892,3.22455,3.24019,3.25584,3.2715,3.28717,3.30285,3.31854,3.33424
125,2.77,2.80395,2.8381,2.87245,2.907,2.94175,2.9767,2.992185,3.00768,3.023185,3.0387,3.054225,3.06976,3.085305,3.10086,3.116425,3.132,3.147585,3.16318,3.178785,3.1944,3.210025,3.22566,3.241305,3.25696,3.272625,3.2883,3.303985,3.31968,3.335385
126,2.79,2.82405,2.8583,2.89275,2.9274,2.96225,2.97773,2.99322,3.00872,3.02423,3.03975,3.05528,3.07082,3.08637,3.10193,3.1175,3.13308,3.14867,3.16427,3.17988,3.1955,3.21113,3.22677,3.24242,3.25808,3.27375,3.28943,3.30512,3.32082,3.33653
127,2.81,2.84415,2.8785,2.91305,2.9478,2.963275,2.97876,2.994255,3.00976,3.025275,3.0408,3.056335,3.07188,3.087435,3.103,3.118575,3.13416,3.149755,3.16536,3.180975,3.1966,3.212235,3.22788,3.243535,3.2592,3.274875,3.29056,3.306255,3.32196,3.337675
128,2.83,2.86425,2.8987,2.93335,2.94882,2.9643,2.97979,2.99529,3.0108,3.02632,3.04185,3.05739,3.07294,3.0885,3.10407,3.11965,3.13524,3.15084,3.16645,3.18207,3.1977,3.21334,3.22899,3.24465,3.26032,3.276,3.29169,3.30739,3.3231,3.33882
129,2.85,2.88435,2.9189,2.934365,2.94984,2.965325,2.98082,2.996325,3.01184,3.027365,3.0429,3.058445,3.074,3.089565,3.10514,3.120725,3.13632,3.151925,3.16754,3.183165,3.1988,3.214445,3.2301,3.245765,3.26144,3.277125,3.29282,3.308525,3.32424,3.339965
130,2.87,2.90445,2.91991,2.93538,2.95086,2.96635,2.98185,2.99736,3.01288,3.02841,3.04395,3.0595,3.07506,3.09063,3.10621,3.1218,3.1374,3.15301,3.16863,3.18426,3.1999,3.21555,3.23121,3.24688,3.26256,3.27825,3.29395,3.30966,3.32538,3.34111
131,2.89,2.905455,2.92092,2.936395,2.95188,2.967375,2.98288,2.998395,3.01392,3.029455,3.045,3.060555,3.07612,3.091695,3.10728,3.122875,3.13848,3.154095,3.16972,3.185355,3.201,3.216655,3.23232,3.247995,3.26368,3.279375,3.29508,3.310795,3.32652,3.342255
132,2.891,2.90646,2.92193,2.93741,2.9529,2.9684,2.98391,2.99943,3.01496,3.0305,3.04605,3.06161,3.07718,3.09276,3.10835,3.12395,3.13956,3.15518,3.17081,3.18645,3.2021,3.21776,3.23343,3.24911,3.2648,3.2805,3.29621,3.31193,3.32766,3.435
133,2.892,2.907465,2.92294,2.938425,2.95392,2.969425,2.98494,3.000465,3.016,3.031545,3.0471,3.062665,3.07824,3.093825,3.10942,3.125025,3.14064,3.156265,3.1719,3.187545,3.2032,3.218865,3.23454,3.250225,3.26592,3.281625,3.29734,3.313065,3.42,3.435
134,2.893,2.90847,2.92395,2.93944,2.95494,2.97045,2.98597,3.0015,3.01704,3.03259,3.04815,3.06372,3.0793,3.09489,3.11049,3.1261,3.14172,3.15735,3.17299,3.18864,3.2043,3.21997,3.23565,3.25134,3.26704,3.28275,3.29847,3.405,3.42,3.435
135,2.894,2.909475,2.92496,2.940455,2.95596,2.971475,2.987,3.002535,3.01808,3.033635,3.0492,3.064775,3.08036,3.095955,3.11156,3.127175,3.1428,3.158435,3.17408,3.189735,3.2054,3.221075,3.23676,3.252455,3.26816,3.283875,3.39,3.405,3.42,3.435
136,2.895,2.91048,2.92597,2.94147,2.95698,2.9725,2.98803,3.00357,3.01912,3.03468,3.05025,3.06583,3.08142,3.09702,3.11263,3.12825,3.14388,3.15952,3.17517,3.19083,3.2065,3.22218,3.23787,3.25357,3.26928,3.375,3.39,3.405,3.42,3.435
137,2.896,2.911485,2.92698,2.942485,2.958,2.973525,2.98906,3.004605,3.02016,3.035725,3.0513,3.066885,3.08248,3.098085,3.1137,3.129325,3.14496,3.160605,3.17626,3.191925,3.2076,3.223285,3.23898,3.254685,3.36,3.375,3.39,3.405,3.42,3.44645
138,2.897,2.91249,2.92799,2.9435,2.95902,2.97455,2.99009,3.00564,3.0212,3.03677,3.05235,3.06794,3.08354,3.09915,3.11477,3.1304,3.14604,3.16169,3.17735,3.19302,3.2087,3.22439,3.24009,3.345,3.36,3.375,3.39,3.405,3.4314,3.4579
139,2.898,2.913495,2.929,2.944515,2.96004,2.975575,2.99112,3.006675,3.02224,3.037815,3.0534,3.068995,3.0846,3.100215,3.11584,3.131475,3.14712,3.162775,3.17844,3.194115,3.2098,3.225495,3.33,3.345,3.36,3.375,3.39,3.41635,3.4428,3.46935
140,2.899,2.9145,2.93001,2.94553,2.96106,2.9766,2.99215,3.00771,3.02328,3.03886,3.05445,3.07005,3.08566,3.10128,3.11691,3.13255,3.1482,3.16386,3.17953,3.19521,3.2109,3.315,3.33,3.345,3.36,3.375,3.4013,3.4277,3.4542,3.4808
141,2.9,2.915505,2.93102,2.946545,2.96208,2.977625,2.99318,3.008745,3.02432,3.039905,3.0555,3.071105,3.08672,3.102345,3.11798,3.133625,3.14928,3.164945,3.18062,3.196305,3.3,3.315,3.33,3.345,3.36,3.38625,3.4126,3.43905,3.4656,3.49225
142,2.901,2.91651,2.93203,2.94756,2.9631,2.97865,2.99421,3.00978,3.02536,3.04095,3.05655,3.07216,3.08778,3.10341,3.11905,3.1347,3.15036,3.16603,3.18171,3.285,3.3,3.315,3.33,3.345,3.3712,3.3975,3.4239,3.4504,3.477,3.5037
143,2.902,2.917515,2.93304,2.948575,2.96412,2.979675,2.99524,3.010815,3.0264,3.041995,3.0576,3.073215,3.08884,3.104475,3.12012,3.135775,3.15144,3.167115,3.27,3.285,3.3,3.315,3.33,3.35615,3.3824,3.40875,3.4352,3.46175,3.4884,3.51515
144,2.903,2.91852,2.93405,2.94959,2.96514,2.9807,2.99627,3.01185,3.02744,3.04304,3.05865,3.07427,3.0899,3.10554,3.12119,3.13685,3.15252,3.255,3.27,3.285,3.3,3.315,3.3411,3.3673,3.3936,3.42,3.4465,3.4731,3.4998,3.5266
145,2.904,2.919525,2.93506,2.950605,2.96616,2.981725,2.9973,3.012885,3.02848,3.044085,3.0597,3.075325,3.09096,3.106605,3.12226,3.137925,3.24,3.255,3.27,3.285,3.3,3.32605,3.3522,3.37845,3.4048,3.43125,3.4578,3.48445,3.5112,3.49225
146,2.905,2.92053,2.93607,2.95162,2.96718,2.98275,2.99833,3.01392,3.02952,3.04513,3.06075,3.07638,3.09202,3.10767,3.12333,3.225,3.24,3.255,3.27,3.285,3.311,3.3371,3.3633,3.3896,3.416,3.4425,3.4691,3.4958,3.477,3.49225
147,2.906,2.921535,2.93708,2.952635,2.9682,2.983775,2.99936,3.014955,3.03056,3.046175,3.0618,3.077435,3.09308,3.108735,3.21,3.225,3.24,3.255,3.27,3.29595,3.322,3.34815,3.3744,3.40075,3.4272,3.45375,3.4804,3.46175,3.477,3.49225
148,2.907,2.92254,2.93809,2.95365,2.96922,2.9848,3.00039,3.01599,3.0316,3.04722,3.06285,3.07849,3.09414,3.195,3.21,3.225,3.24,3.255,3.2809,3.3069,3.333,3.3592,3.3855,3.4119,3.4384,3.465,3.4465,3.46175,3.477,3.49225
149,2.908,2.923545,2.9391,2.954665,2.97024,2.985825,3.00142,3.017025,3.03264,3.048265,3.0639,3.079545,3.18,3.195,3.21,3.225,3.24,3.26585,3.2918,3.31785,3.344,3.37025,3.3966,3.42305,3.4496,3.43125,3.4465,3.46175,3.477,3.49225
150,2.909,2.92455,2.94011,2.95568,2.97126,2.98685,3.00245,3.01806,3.03368,3.04931,3.06495,3.165,3.18,3.195,3.21,3.225,3.2508,3.2767,3.3027,3.3288,3.355,3.3813,3.4077,3.4342,3.416,3.43125,3.4465,3.46175,3.477,3.49225
151,2.91,2.925555,2.94112,2.956695,2.97228,2.987875,3.00348,3.019095,3.03472,3.050355,3.15,3.165,3.18,3.195,3.21,3.23575,3.2616,3.28755,3.3136,3.33975,3.366,3.39235,3.4188,3.40075,3.416,3.43125,3.4465,3.46175,3.477,3.49225
152,2.911,2.92656,2.94213,2.95771,2.9733,2.9889,3.00451,3.02013,3.03576,3.135,3.15,3.165,3.18,3.195,3.2207,3.2465,3.2724,3.2984,3.3245,3.3507,3.377,3.4034,3.3855,3.40075,3.416,3.43125,3.4465,3.46175,3.477,3.49225
153,2.912,2.927565,2.94314,2.958725,2.97432,2.989925,3.00554,3.021165,3.12,3.135,3.15,3.165,3.18,3.20565,3.2314,3.25725,3.2832,3.30925,3.3354,3.36165,3.388,3.37025,3.3855,3.40075,3.416,3.43125,3.4465,3.46175,3.477,3.49225
154,2.913,2.92857,2.94415,2.95974,2.97534,2.99095,3.00657,3.105,3.12,3.135,3.15,3.165,3.1906,3.2163,3.2421,3.268,3.294,3.3201,3.3463,3.3726,3.355,3.37025,3.3855,3.40075,3.416,3.43125,3.4465,3.46175,3.477,3.49225
155,2.914,2.929575,2.94516,2.960755,2.97636,2.991975,3.09,3.105,3.12,3.135,3.15,3.17555,3.2012,3.22695,3.2528,3.27875,3.3048,3.33095,3.3572,3.33975,3.355,3.37025,3.3855,3.40075,3.416,3.43125,3.4465,3.46175,3.477,3.49225
156,2.915,2.93058,2.94617,2.96177,2.97738,3.075,3.09,3.105,3.12,3.135,3.1605,3.1861,3.2118,3.2376,3.2635,3.2895,3.3156,3.3418,3.3245,3.33975,3.355,3.37025,3.3855,3.40075,3.416,3.43125,3.4465,3.46175,3.477,3.49225
157,2.916,2.931585,2.94718,2.962785,3.06,3.075,3.09,3.105,3.12,3.14545,3.171,3.19665,3.2224,3.24825,3.2742,3.30025,3.3264,3.30925,3.3245,3.33975,3.355,3.37025,3.3855,3.40075,3.416,3.43125,3.4465,3.46175,3.477,3.49225
158,2.917,2.93259,2.94819,3.045,3.06,3.075,3.09,3.105,3.1304,3.1559,3.1815,3.2072,3.233,3.2589,3.2849,3.311,3.294,3.30925,3.3245,3.33975,3.355,3.37025,3.3855,3.40075,3.416,3.43125,3.4465,3.46175,3.477,3.49225
159,2.918,2.933595,3.03,3.045,3.06,3.075,3.09,3.11535,3.1408,3.16635,3.192,3.21775,3.2436,3.26955,3.2956,3.27875,3.294,3.30925,3.3245,3.33975,3.355,3.37025,3.3855,3.40075,3.416,3.43125,3.4465,3.46175,3.477,3.49225
160,2.919,3.015,3.03,3.045,3.06,3.075,3.1003,3.1257,3.1512,3.1768,3.2025,3.2283,3.2542,3.2802,3.2635,3.27875,3.294,3.30925,3.3245,3.33975,3.355,3.37025,3.3855,3.40075,3.416,3.43125,3.4465,3.46175,3.477,3.49225
161,3,3.015,3.03,3.045,3.06,3.08525,3.1106,3.13605,3.1616,3.18725,3.213,3.23885,3.2648,3.24825,3.2635,3.27875,3.294,3.30925,3.3245,3.33975,3.355,3.37025,3.3855,3.40075,3.416,3.43125,3.4465,3.46175,3.477,3.49225
162,3,3.015,3.03,3.045,3.0702,3.0955,3.1209,3.1464,3.172,3.1977,3.2235,3.2494,3.233,3.24825,3.2635,3.27875,3.294,3.30925,3.3245,3.33975,3.355,3.37025,3.3855,3.40075,3.416,3.43125,3.4465,3.46175,3.477,3.49225
163,3,3.015,3.03,3.05515,3.0804,3.10575,3.1312,3.15675,3.1824,3.20815,3.234,3.21775,3.233,3.24825,3.2635,3.27875,3.294,3.30925,3.3245,3.33975,3.355,3.37025,3.3855,3.40075,3.416,3.43125,3.4465,3.46175,3.477,3.49225
164,3,3.015,3.0401,3.0653,3.0906,3.116,3.1415,3.1671,3.1928,3.2186,3.2025,3.21775,3.233,3.24825,3.2635,3.27875,3.294,3.30925,3.3245,3.33975,3.355,3.37025,3.3855,3.40075,3.416,3.43125,3.4465,3.46175,3.477,3.49225
165,3,3.02505,3.0502,3.07545,3.1008,3.12625,3.1518,3.17745,3.2032,3.18725,3.2025,3.21775,3.233,3.24825,3.2635,3.27875,3.294,3.30925,3.3245,3.33975,3.355,3.37025,3.3855,3.40075,3.416,3.43125,3.4465,3.46175,3.477,3.49225
166,3.01,3.0351,3.0603,3.0856,3.111,3.1365,3.1621,3.1878,3.172,3.18725,3.2025,3.21775,3.233,3.24825,3.2635,3.27875,3.294,3.30925,3.3245,3.33975,3.355,3.37025,3.3855,3.40075,3.416,3.43125,3.4465,3.46175,3.477,3.49225
167,3.02,3.04515,3.0704,3.09575,3.1212,3.14675,3.1724,3.15675,3.172,3.18725,3.2025,3.21775,3.233,3.24825,3.2635,3.27875,3.294,3.30925,3.3245,3.33975,3.355,3.37025,3.3855,3.40075,3.416,3.43125,3.4465,3.46175,3.477,3.49225
168,3.03,3.0552,3.0805,3.1059,3.1314,3.157,3.1415,3.15675,3.172,3.18725,3.2025,3.21775,3.233,3.24825,3.2635,3.27875,3.294,3.30925,3.3245,3.33975,3.355,3.37025,3.3855,3.40075,3.416,3.43125,3.4465,3.46175,3.477,3.49225
169,3.04,3.06525,3.0906,3.11605,3.1416,3.12625,3.1415,3.15675,3.172,3.18725,3.2025,3.21775,3.233,3.24825,3.2635,3.27875,3.294,3.30925,3.3245,3.33975,3.355,3.37025,3.3855,3.40075,3.416,3.43125,3.4465,3.46175,3.477,3.49225
170,3.05,3.0753,3.1007,3.1262,3.111,3.12625,3.1415,3.15675,3.172,3.18725,3.2025,3.21775,3.233,3.24825,3.2635,3.27875,3.294,3.30925,3.3245,3.33975,3.355,3.37025,3.3855,3.40075,3.416,3.43125,3.4465,3.46175,3.477,3.49225
171,3.06,3.08535,3.1108,3.09575,3.111,3.12625,3.1415,3.15675,3.172,3.18725,3.2025,3.21775,3.233,3.24825,3.2635,3.27875,3.294,3.30925,3.3245,3.33975,3.355,3.37025,3.3855,3.40075,3.416,3.43125,3.4465,3.46175,3.477,3.49225
172,3.07,3.0954,3.0805,3.09575,3.111,3.12625,3.1415,3.15675,3.172,3.18725,3.2025,3.21775,3.233,3.24825,3.2635,3.27875,3.294,3.30925,3.3245,3.33975,3.355,3.37025,3.3855,3.40075,3.416,3.43125,3.4465,3.46175,3.477,3.49225
173,3.08,3.06525,3.0805,3.09575,3.111,3.12625,3.1415,3.15675,3.172,3.18725,3.2025,3.21775,3.233,3.24825,3.2635,3.27875,3.294,3.30925,3.3245,3.33975,3.355,3.37025,3.3855,3.40075,3.416,3.43125,3.4465,3.46175,3.477,3.491105
174,3.05,3.06525,3.0805,3.09575,3.111,3.12625,3.1415,3.15675,3.172,3.18725,3.2025,3.21775,3.233,3.24825,3.2635,3.27875,3.294,3.30925,3.3245,3.33975,3.355,3.37025,3.3855,3.40075,3.416,3.43125,3.4465,3.46175,3.47586,3.48996
175,3.05,3.06525,3.0805,3.09575,3.111,3.12625,3.1415,3.15675,3.172,3.18725,3.2025,3.21775,3.233,3.24825,3.2635,3.27875,3.294,3.30925,3.3245,3.33975,3.355,3.37025,3.3855,3.40075,3.416,3.43125,3.4465,3.460615,3.47472,3.488815
176,3.05,3.06525,3.0805,3.09575,3.111,3.12625,3.1415,3.15675,3.172,3.18725,3.2025,3.21775,3.233,3.24825,3.2635,3.27875,3.294,3.30925,3.3245,3.33975,3.355,3.37025,3.3855,3.40075,3.416,3.43125,3.44537,3.45948,3.47358,3.48767
177,3.05,3.06525,3.0805,3.09575,3.111,3.12625,3.1415,3.15675,3.172,3.18725,3.2025,3.21775,3.233,3.24825,3.2635,3.27875,3.294,3.30925,3.3245,3.33975,3.355,3.37025,3.3855,3.40075,3.416,3.430125,3.44424,3.458345,3.47244,3.486525
178,3.05,3.06525,3.0805,3.09575,3.111,3.12625,3.1415,3.15675,3.172,3.18725,3.2025,3.21775,3.233,3.24825,3.2635,3.27875,3.294,3.30925,3.3245,3.33975,3.355,3.37025,3.3855,3.40075,3.41488,3.429,3.44311,3.45721,3.4713,3.48538
179,3.05,3.06525,3.0805,3.09575,3.111,3.12625,3.1415,3.15675,3.172,3.18725,3.2025,3.21775,3.233,3.24825,3.2635,3.27875,3.294,3.30925,3.3245,3.33975,3.355,3.37025,3.3855,3.399635,3.41376,3.427875,3.44198,3.456075,3.47016,3.484235
180,3.05,3.06525,3.0805,3.09575,3.111,3.12625,3.1415,3.15675,3.172,3.18725,3.2025,3.21775,3.233,3.24825,3.2635,3.27875,3.294,3.30925,3.3245,3.33975,3.355,3.37025,3.38439,3.39852,3.41264,3.42675,3.44085,3.45494,3.46902,3.48309
181,3.05,3.06525,3.0805,3.09575,3.111,3.12625,3.1415,3.15675,3.172,3.18725,3.2025,3.21775,3.233,3.24825,3.2635,3.27875,3.294,3.30925,3.3245,3.33975,3.355,3.369145,3.38328,3.397405,3.41152,3.425625,3.43972,3.453805,3.46788,3.481945
182,3.05,3.06525,3.0805,3.09575,3.111,3.12625,3.1415,3.15675,3.172,3.18725,3.2025,3.21775,3.233,3.24825,3.2635,3.27875,3.294,3.30925,3.3245,3.33975,3.3539,3.36804,3.38217,3.39629,3.4104,3.4245,3.43859,3.45267,3.46674,3.4808
183,3.05,3.06525,3.0805,3.09575,3.111,3.12625,3.1415,3.15675,3.172,3.18725,3.2025,3.21775,3.233,3.24825,3.2635,3.27875,3.294,3.30925,3.3245,3.338655,3.3528,3.366935,3.38106,3.395175,3.40928,3.423375,3.43746,3.451535,3.4656,3.479655
184,3.05,3.06525,3.0805,3.09575,3.111,3.12625,3.1415,3.15675,3.172,3.18725,3.2025,3.21775,3.233,3.24825,3.2635,3.27875,3.294,3.30925,3.32341,3.33756,3.3517,3.36583,3.37995,3.39406,3.40816,3.42225,3.43633,3.4504,3.46446,3.47851
185,3.05,3.06525,3.0805,3.09575,3.111,3.12625,3.1415,3.15675,3.172,3.18725,3.2025,3.21775,3.233,3.24825,3.2635,3.27875,3.294,3.308165,3.32232,3.336465,3.3506,3.364725,3.37884,3.392945,3.40704,3.421125,3.4352,3.449265,3.46332,3.477365
186,3.05,3.06525,3.0805,3.09575,3.111,3.12625,3.1415,3.15675,3.172,3.18725,3.2025,3.21775,3.233,3.24825,3.2635,3.27875,3.29292,3.30708,3.32123,3.33537,3.3495,3.36362,3.37773,3.39183,3.40592,3.42,3.43407,3.44813,3.46218,3.47622
187,3.05,3.06525,3.0805,3.09575,3.111,3.12625,3.1415,3.15675,3.172,3.18725,3.2025,3.21775,3.233,3.24825,3.2635,3.277675,3.29184,3.305995,3.32014,3.334275,3.3484,3.362515,3.37662,3.390715,3.4048,3.418875,3.43294,3.446995,3.46104,3.475075
188,3.05,3.06525,3.0805,3.09575,3.111,3.12625,3.1415,3.15675,3.172,3.18725,3.2025,3.21775,3.233,3.24825,3.26243,3.2766,3.29076,3.30491,3.31905,3.33318,3.3473,3.36141,3.37551,3.3896,3.40368,3.41775,3.43181,3.44586,3.4599,3.47393
189,3.05,3.06525,3.0805,3.09575,3.111,3.12625,3.1415,3.15675,3.172,3.18725,3.2025,3.21775,3.233,3.247185,3.26136,3.275525,3.28968,3.303825,3.31796,3.332085,3.3462,3.360305,3.3744,3.388485,3.40256,3.416625,3.43068,3.444725,3.45876,3.472785
190,3.05,3.06525,3.0805,3.09575,3.111,3.12625,3.1415,3.15675,3.172,3.18725,3.2025,3.21775,3.23194,3.24612,3.26029,3.27445,3.2886,3.30274,3.31687,3.33099,3.3451,3.3592,3.37329,3.38737,3.40144,3.4155,3.42955,3.44359,3.45762,3.47164
191,3.05,3.06525,3.0805,3.09575,3.111,3.12625,3.1415,3.15675,3.172,3.18725,3.2025,3.216695,3.23088,3.245055,3.25922,3.273375,3.28752,3.301655,3.31578,3.329895,3.344,3.358095,3.37218,3.386255,3.40032,3.414375,3.42842,3.442455,3.45648,3.470495
192,3.05,3.06525,3.0805,3.09575,3.111,3.12625,3.1415,3.15675,3.172,3.18725,3.20145,3.21564,3.22982,3.24399,3.25815,3.2723,3.28644,3.30057,3.31469,3.3288,3.3429,3.35699,3.37107,3.38514,3.3992,3.41325,3.42729,3.44132,3.45534,3.4121
193,3.05,3.06525,3.0805,3.09575,3.111,3.12625,3.1415,3.15675,3.172,3.186205,3.2004,3.214585,3.22876,3.242925,3.25708,3.271225,3.28536,3.299485,3.3136,3.327705,3.3418,3.355885,3.36996,3.384025,3.39808,3.412125,3.42616,3.440185,3.3972,3.40065
194,3.05,3.06525,3.0805,3.09575,3.111,3.12625,3.1415,3.15675,3.17096,3.18516,3.19935,3.21353,3.2277,3.24186,3.25601,3.27015,3.28428,3.2984,3.31251,3.32661,3.3407,3.35478,3.36885,3.38291,3.39696,3.411,3.42503,3.3823,3.3858,3.3892
195,3.05,3.06525,3.0805,3.09575,3.111,3.12625,3.1415,3.155715,3.16992,3.184115,3.1983,3.212475,3.22664,3.240795,3.25494,3.269075,3.2832,3.297315,3.31142,3.325515,3.3396,3.353675,3.36774,3.381795,3.39584,3.409875,3.3674,3.37095,3.3744,3.37775
196,3.05,3.06525,3.0805,3.09575,3.111,3.12625,3.14047,3.15468,3.16888,3.18307,3.19725,3.21142,3.22558,3.23973,3.25387,3.268,3.28212,3.29623,3.31033,3.32442,3.3385,3.35257,3.36663,3.38068,3.39472,3.3525,3.3561,3.3596,3.363,3.3663
197,3.05,3.06525,3.0805,3.09575,3.111,3.125225,3.13944,3.153645,3.16784,3.182025,3.1962,3.210365,3.22452,3.238665,3.2528,3.266925,3.28104,3.295145,3.30924,3.323325,3.3374,3.351465,3.36552,3.379565,3.3376,3.34125,3.3448,3.34825,3.3516,3.35485
198,3.05,3.06525,3.0805,3.09575,3.10998,3.1242,3.13841,3.15261,3.1668,3.18098,3.19515,3.20931,3.22346,3.2376,3.25173,3.26585,3.27996,3.29406,3.30815,3.32223,3.3363,3.35036,3.36441,3.3227,3.3264,3.33,3.3335,3.3369,3.3402,3.3434
199,3.05,3.06525,3.0805,3.094735,3.10896,3.123175,3.13738,3.151575,3.16576,3.179935,3.1941,3.208255,3.2224,3.236535,3.25066,3.264775,3.27888,3.292975,3.30706,3.321135,3.3352,3.349255,3.3078,3.31155,3.3152,3.31875,3.3222,3.32555,3.3288,3.33195
200,3.05,3.06525,3.07949,3.09372,3.10794,3.12215,3.13635,3.15054,3.16472,3.17889,3.19305,3.2072,3.22134,3.23547,3.24959,3.2637,3.2778,3.29189,3.30597,3.32004,3.3341,3.2929,3.2967,3.3004,3.304,3.3075,3.3109,3.3142,3.3174,3.3205
201,3.05,3.064245,3.07848,3.092705,3.10692,3.121125,3.13532,3.149505,3.16368,3.177845,3.192,3.206145,3.22028,3.234405,3.24852,3.262625,3.27672,3.290805,3.30488,3.318945,3.278,3.28185,3.2856,3.28925,3.2928,3.29625,3.2996,3.30285,3.306,3.30905
202,3.049,3.06324,3.07747,3.09169,3.1059,3.1201,3.13429,3.14847,3.16264,3.1768,3.19095,3.20509,3.21922,3.23334,3.24745,3.26155,3.27564,3.28972,3.30379,3.2631,3.267,3.2708,3.2745,3.2781,3.2816,3.285,3.2883,3.2915,3.2946,3.2976
203,3.048,3.062235,3.07646,3.090675,3.10488,3.119075,3.13326,3.147435,3.1616,3.175755,3.1899,3.204035,3.21816,3.232275,3.24638,3.260475,3.27456,3.288635,3.2482,3.25215,3.256,3.25975,3.2634,3.26695,3.2704,3.27375,3.277,3.28015,3.2832,3.28615
204,3.047,3.06123,3.07545,3.08966,3.10386,3.11805,3.13223,3.1464,3.16056,3.17471,3.18885,3.20298,3.2171,3.23121,3.24531,3.2594,3.27348,3.2333,3.2373,3.2412,3.245,3.2487,3.2523,3.2558,3.2592,3.2625,3.2657,3.2688,3.2718,3.2747
205,3.046,3.060225,3.07444,3.088645,3.10284,3.117025,3.1312,3.145365,3.15952,3.173665,3.1878,3.201925,3.21604,3.230145,3.24424,3.258325,3.2184,3.22245,3.2264,3.23025,3.234,3.23765,3.2412,3.24465,3.248,3.25125,3.2544,3.25745,3.2604,3.26325
206,3.045,3.05922,3.07343,3.08763,3.10182,3.116,3.13017,3.14433,3.15848,3.17262,3.18675,3.20087,3.21498,3.22908,3.24317,3.2035,3.2076,3.2116,3.2155,3.2193,3.223,3.2266,3.2301,3.2335,3.2368,3.24,3.2431,3.2461,3.249,3.2518
207,3.044,3.058215,3.07242,3.086615,3.1008,3.114975,3.12914,3.143295,3.15744,3.171575,3.1857,3.199815,3.21392,3.228015,3.1886,3.19275,3.1968,3.20075,3.2046,3.20835,3.212,3.21555,3.219,3.22235,3.2256,3.22875,3.2318,3.23475,3.2376,3.24035
208,3.043,3.05721,3.07141,3.0856,3.09978,3.11395,3.12811,3.14226,3.1564,3.17053,3.18465,3.19876,3.21286,3.1737,3.1779,3.182,3.186,3.1899,3.1937,3.1974,3.201,3.2045,3.2079,3.2112,3.2144,3.2175,3.2205,3.2234,3.2262,3.2289
209,3.042,3.056205,3.0704,3.084585,3.09876,3.112925,3.12708,3.141225,3.15536,3.169485,3.1836,3.197705,3.1588,3.16305,3.1672,3.17125,3.1752,3.17905,3.1828,3.18645,3.19,3.19345,3.1968,3.20005,3.2032,3.20625,3.2092,3.21205,3.2148,3.21745
210,3.041,3.0552,3.06939,3.08357,3.09774,3.1119,3.12605,3.14019,3.15432,3.16844,3.18255,3.1439,3.1482,3.1524,3.1565,3.1605,3.1644,3.1682,3.1719,3.1755,3.179,3.1824,3.1857,3.1889,3.192,3.195,3.1979,3.2007,3.2034,3.206
211,3.04,3.054195,3.06838,3.082555,3.09672,3.110875,3.12502,3.139155,3.15328,3.167395,3.129,3.13335,3.1376,3.14175,3.1458,3.14975,3.1536,3.15735,3.161,3.16455,3.168,3.17135,3.1746,3.17775,3.1808,3.18375,3.1866,3.18935,3.192,3.19455
212,3.039,3.05319,3.06737,3.08154,3.0957,3.10985,3.12399,3.13812,3.15224,3.1141,3.1185,3.1228,3.127,3.1311,3.1351,3.139,3.1428,3.1465,3.1501,3.1536,3.157,3.1603,3.1635,3.1666,3.1696,3.1725,3.1753,3.178,3.1806,3.1831
213,3.038,3.052185,3.06636,3.080525,3.09468,3.108825,3.12296,3.137085,3.0992,3.10365,3.108,3.11225,3.1164,3.12045,3.1244,3.12825,3.132,3.13565,3.1392,3.14265,3.146,3.14925,3.1524,3.15545,3.1584,3.16125,3.164,3.16665,3.1692,3.17165
214,3.037,3.05118,3.06535,3.07951,3.09366,3.1078,3.12193,3.0843,3.0888,3.0932,3.0975,3.1017,3.1058,3.1098,3.1137,3.1175,3.1212,3.1248,3.1283,3.1317,3.135,3.1382,3.1413,3.1443,3.1472,3.15,3.1527,3.1553,3.1578,3.1602
215,3.036,3.050175,3.06434,3.078495,3.09264,3.106775,3.0694,3.07395,3.0784,3.08275,3.087,3.09115,3.0952,3.09915,3.103,3.10675,3.1104,3.11395,3.1174,3.12075,3.124,3.12715,3.1302,3.13315,3.136,3.13875,3.1414,3.14395,3.1464,3.0915
216,3.035,3.04917,3.06333,3.07748,3.09162,3.0545,3.0591,3.0636,3.068,3.0723,3.0765,3.0806,3.0846,3.0885,3.0923,3.096,3.0996,3.1031,3.1065,3.1098,3.113,3.1161,3.1191,3.122,3.1248,3.1275,3.1301,3.1326,3.078,2.977
217,3.034,3.048165,3.06232,3.076465,3.0396,3.04425,3.0488,3.05325,3.0576,3.06185,3.066,3.07005,3.074,3.07785,3.0816,3.08525,3.0888,3.09225,3.0956,3.09885,3.102,3.10505,3.108,3.11085,3.1136,3.11625,3.1188,3.0645,2.964,2.8625
218,3.033,3.04716,3.06131,3.0247,3.0294,3.034,3.0385,3.0429,3.0472,3.0514,3.0555,3.0595,3.0634,3.0672,3.0709,3.0745,3.078,3.0814,3.0847,3.0879,3.091,3.094,3.0969,3.0997,3.1024,3.105,3.051,2.951,2.85,2.748
219,3.032,3.046155,3.0098,3.01455,3.0192,3.02375,3.0282,3.03255,3.0368,3.04095,3.045,3.04895,3.0528,3.05655,3.0602,3.06375,3.0672,3.07055,3.0738,3.07695,3.08,3.08295,3.0858,3.08855,3.0912,3.0375,2.938,2.8375,2.736,2.6335
220,3.031,2.9949,2.9997,3.0044,3.009,3.0135,3.0179,3.0222,3.0264,3.0305,3.0345,3.0384,3.0422,3.0459,3.0495,3.053,3.0564,3.0597,3.0629,3.066,3.069,3.0719,3.0747,3.0774,3.024,2.925,2.825,2.724,2.622,2.519
221,2.98,2.98485,2.9896,2.99425,2.9988,3.00325,3.0076,3.01185,3.016,3.02005,3.024,3.02785,3.0316,3.03525,3.0388,3.04225,3.0456,3.04885,3.052,3.05505,3.058,3.06085,3.0636,3.0105,2.912,2.8125,2.712,2.6105,2.508,2.4045
222,2.97,2.9748,2.9795,2.9841,2.9886,2.993,2.9973,3.0015,3.0056,3.0096,3.0135,3.0173,3.021,3.0246,3.0281,3.0315,3.0348,3.038,3.0411,3.0441,3.047,3.0498,2.997,2.899,2.8,2.7,2.599,2.497,2.394,2.29
223,2.96,2.96475,2.9694,2.97395,2.9784,2.98275,2.987,2.99115,2.9952,2.99915,3.003,3.00675,3.0104,3.01395,3.0174,3.02075,3.024,3.02715,3.0302,3.03315,3.036,2.9835,2.886,2.7875,2.688,2.5875,2.486,2.3835,2.28,2.1755
224,2.95,2.9547,2.9593,2.9638,2.9682,2.9725,2.9767,2.9808,2.9848,2.9887,2.9925,2.9962,2.9998,3.0033,3.0067,3.01,3.0132,3.0163,3.0193,3.0222,2.97,2.873,2.775,2.676,2.576,2.475,2.373,2.27,2.166,2.061
225,2.94,2.94465,2.9492,2.95365,2.958,2.96225,2.9664,2.97045,2.9744,2.97825,2.982,2.98565,2.9892,2.99265,2.996,2.99925,3.0024,3.00545,3.0084,2.9565,2.86,2.7625,2.664,2.5645,2.464,2.3625,2.26,2.1565,2.052,1.9465
226,2.93,2.9346,2.9391,2.9435,2.9478,2.952,2.9561,2.9601,2.964,2.9678,2.9715,2.9751,2.9786,2.982,2.9853,2.9885,2.9916,2.9946,2.943,2.847,2.75,2.652,2.553,2.453,2.352,2.25,2.147,2.043,1.938,1.832
227,2.92,2.92455,2.929,2.93335,2.9376,2.94175,2.9458,2.94975,2.9536,2.95735,2.961,2.96455,2.968,2.97135,2.9746,2.97775,2.9808,2.9295,2.834,2.7375,2.64,2.5415,2.442,2.3415,2.24,2.1375,2.034,1.9295,1.824,1.7175
228,2.91,2.9145,2.9189,2.9232,2.9274,2.9315,2.9355,2.9394,2.9432,2.9469,2.9505,2.954,2.9574,2.9607,2.9639,2.967,2.916,2.821,2.725,2.628,2.53,2.431,2.331,2.23,2.128,2.025,1.921,1.816,1.71,1.603
229,2.9,2.90445,2.9088,2.91305,2.9172,2.92125,2.9252,2.92905,2.9328,2.93645,2.94,2.94345,2.9468,2.95005,2.9532,2.9025,2.808,2.7125,2.616,2.5185,2.42,2.3205,2.22,2.1185,2.016,1.9125,1.808,1.7025,1.596,1.4885
230,2.89,2.8944,2.8987,2.9029,2.907,2.911,2.9149,2.9187,2.9224,2.926,2.9295,2.9329,2.9362,2.9394,2.889,2.795,2.7,2.604,2.507,2.409,2.31,2.21,2.109,2.007,1.904,1.8,1.695,1.589,1.482,1.374
231,2.88,2.88435,2.8886,2.89275,2.8968,2.90075,2.9046,2.90835,2.912,2.91555,2.919,2.92235,2.9256,2.8755,2.782,2.6875,2.592,2.4955,2.398,2.2995,2.2,2.0995,1.998,1.8955,1.792,1.6875,1.582,1.4755,1.368,1.374
232,2.87,2.8743,2.8785,2.8826,2.8866,2.8905,2.8943,2.898,2.9016,2.9051,2.9085,2.9118,2.862,2.769,2.675,2.58,2.484,2.387,2.289,2.19,2.09,1.989,1.887,1.784,1.68,1.575,1.469,1.362,1.368,1.374
233,2.86,2.86425,2.8684,2.87245,2.8764,2.88025,2.884,2.88765,2.8912,2.89465,2.898,2.8485,2.756,2.6625,2.568,2.4725,2.376,2.2785,2.18,2.0805,1.98,1.8785,1.776,1.6725,1.568,1.4625,1.356,1.362,1.368,1.374
234,2.85,2.8542,2.8583,2.8623,2.8662,2.87,2.8737,2.8773,2.8808,2.8842,2.835,2.743,2.65,2.556,2.461,2.365,2.268,2.17,2.071,1.971,1.87,1.768,1.665,1.561,1.456,1.35,1.356,1.362,1.368,1.374
235,2.84,2.84415,2.8482,2.85215,2.856,2.85975,2.8634,2.86695,2.8704,2.8215,2.73,2.6375,2.544,2.4495,2.354,2.2575,2.16,2.0615,1.962,1.8615,1.76,1.6575,1.554,1.4495,1.344,1.35,1.356,1.362,1.368,1.374
236,2.83,2.8341,2.8381,2.842,2.8458,2.8495,2.8531,2.8566,2.808,2.717,2.625,2.532,2.438,2.343,2.247,2.15,2.052,1.953,1.853,1.752,1.65,1.547,1.443,1.338,1.344,1.35,1.356,1.362,1.368,1.374
237,2.82,2.82405,2.828,2.83185,2.8356,2.83925,2.8428,2.7945,2.704,2.6125,2.52,2.4265,2.332,2.2365,2.14,2.0425,1.944,1.8445,1.744,1.6425,1.54,1.4365,1.332,1.338,1.344,1.35,1.356,1.362,1.368,1.374
238,2.81,2.814,2.8179,2.8217,2.8254,2.829,2.781,2.691,2.6,2.508,2.415,2.321,2.226,2.13,2.033,1.935,1.836,1.736,1.635,1.533,1.43,1.326,1.332,1.338,1.344,1.35,1.356,1.362,1.368,1.374
239,2.8,2.80395,2.8078,2.81155,2.8152,2.7675,2.678,2.5875,2.496,2.4035,2.31,2.2155,2.12,2.0235,1.926,1.8275,1.728,1.6275,1.526,1.4235,1.32,1.326,1.332,1.338,1.344,1.35,1.356,1.362,1.368,1.374
240,2.79,2.7939,2.7977,2.8014,2.754,2.665,2.575,2.484,2.392,2.299,2.205,2.11,2.014,1.917,1.819,1.72,1.62,1.519,1.417,1.314,1.32,1.326,1.332,1.338,1.344,1.35,1.356,1.362,1.368,1.374
241,2.78,2.78385,2.7876,2.7405,2.652,2.5625,2.472,2.3805,2.288,2.1945,2.1,2.0045,1.908,1.8105,1.712,1.6125,1.512,1.4105,1.308,1.314,1.32,1.326,1.332,1.338,1.344,1.35,1.356,1.362,1.368,1.374
242,2.77,2.7738,2.727,2.639,2.55,2.46,2.369,2.277,2.184,2.09,1.995,1.899,1.802,1.704,1.605,1.505,1.404,1.302,1.308,1.314,1.32,1.326,1.332,1.338,1.344,1.35,1.356,1.362,1.368,1.374
243,2.76,2.7135,2.626,2.5375,2.448,2.3575,2.266,2.1735,2.08,1.9855,1.89,1.7935,1.696,1.5975,1.498,1.3975,1.296,1.302,1.308,1.314,1.32,1.326,1.332,1.338,1.344,1.35,1.356,1.362,1.368,1.2595
244,2.7,2.613,2.525,2.436,2.346,2.255,2.163,2.07,1.976,1.881,1.785,1.688,1.59,1.491,1.391,1.29,1.296,1.302,1.308,1.314,1.32,1.326,1.332,1.338,1.344,1.35,1.356,1.362,1.254,1.2595
245,2.6,2.5125,2.424,2.3345,2.244,2.1525,2.06,1.9665,1.872,1.7765,1.68,1.5825,1.484,1.3845,1.284,1.29,1.296,1.302,1.308,1.314,1.32,1.326,1.332,1.338,1.344,1.35,1.356,1.2485,1.254,1.2595
246,2.5,2.412,2.323,2.233,2.142,2.05,1.957,1.863,1.768,1.672,1.575,1.477,1.378,1.278,1.284,1.29,1.296,1.302,1.308,1.314,1.32,1.326,1.332,1.338,1.344,1.35,1.243,1.2485,1.254,1.2595
247,2.4,2.3115,2.222,2.1315,2.04,1.9475,1.854,1.7595,1.664,1.5675,1.47,1.3715,1.272,1.278,1.284,1.29,1.296,1.302,1.308,1.314,1.32,1.326,1.332,1.338,1.344,1.2375,1.243,1.2485,1.254,1.2595
248,2.3,2.211,2.121,2.03,1.938,1.845,1.751,1.656,1.56,1.463,1.365,1.266,1.272,1.278,1.284,1.29,1.296,1.302,1.308,1.314,1.32,1.326,1.332,1.338,1.232,1.2375,1.243,1.2485,1.254,1.2595
249,2.2,2.1105,2.02,1.9285,1.836,1.7425,1.648,1.5525,1.456,1.3585,1.26,1.266,1.272,1.278,1.284,1.29,1.296,1.302,1.308,1.314,1.32,1.326,1.332,1.2265,1.232,1.2375,1.243,1.2485,1.254,1.2595
250,2.1,2.01,1.919,1.827,1.734,1.64,1.545,1.449,1.352,1.254,1.26,1.266,1.272,1.278,1.284,1.29,1.296,1.302,1.308,1.314,1.32,1.326,1.221,1.2265,1.232,1.2375,1.243,1.2485,1.254,1.2595
251,2,1.9095,1.818,1.7255,1.632,1.5375,1.442,1.3455,1.248,1.254,1.26,1.266,1.272,1.278,1.284,1.29,1.296,1.302,1.308,1.314,1.32,1.2155,1.221,1.2265,1.232,1.2375,1.243,1.2485,1.254,1.2595
252,1.9,1.809,1.717,1.624,1.53,1.435,1.339,1.242,1.248,1.254,1.26,1.266,1.272,1.278,1.284,1.29,1.296,1.302,1.308,1.314,1.21,1.2155,1.221,1.2265,1.232,1.2375,1.243,1.2485,1.254,1.2595
253,1.8,1.7085,1.616,1.5225,1.428,1.3325,1.236,1.242,1.248,1.254,1.26,1.266,1.272,1.278,1.284,1.29,1.296,1.302,1.308,1.2045,1.21,1.2155,1.221,1.2265,1.232,1.2375,1.243,1.2485,1.254,1.2595
254,1.7,1.608,1.515,1.421,1.326,1.23,1.236,1.242,1.248,1.254,1.26,1.266,1.272,1.278,1.284,1.29,1.296,1.302,1.199,1.2045,1.21,1.2155,1.221,1.2265,1.232,1.2375,1.243,1.2485,1.254,1.2595
255,1.6,1.5075,1.414,1.3195,1.224,1.23,1.236,1.242,1.248,1.254,1.26,1.266,1.272,1.278,1.284,1.29,1.296,1.1935,1.199,1.2045,1.21,1.2155,1.221,1.2265,1.232,1.2375,1.243,1.2485,1.254,1.2595
256,1.5,1.407,1.313,1.218,1.224,1.23,1.236,1.242,1.248,1.254,1.26,1.266,1.272,1.278,1.284,1.29,1.188,1.1935,1.199,1.2045,1.21,1.2155,1.221,1.2265,1.232,1.2375,1.243,1.2485,1.254,1.2595
257,1.4,1.3065,1.212,1.218,1.224,1.23,1.236,1.242,1.248,1.254,1.26,1.266,1.272,1.278,1.284,1.1825,1.188,1.1935,1.199,1.2045,1.21,1.2155,1.221,1.2265,1.232,1.2375,1.243,1.2485,1.254,1.2595
258,1.3,1.206,1.212,1.218,1.224,1.23,1.236,1.242,1.248,1.254,1.26,1.266,1.272,1.278,1.177,1.1825,1.188,1.1935,1.199,1.2045,1.21,1.2155,1.221,1.2265,1.232,1.2375,1.243,1.2485,1.254,1.2595
259,1.2,1.206,1.212,1.218,1.224,1.23,1.236,1.242,1.248,1.254,1.26,1.266,1.272,1.1715,1.177,1.1825,1.188,1.1935,1.199,1.2045,1.21,1.2155,1.221,1.2265,1.232,1.2375,1.243,1.2485,1.254,1.2595
260,1.2,1.206,1.212,1.218,1.224,1.23,1.236,1.242,1.248,1.254,1.26,1.266,1.166,1.1715,1.177,1.1825,1.188,1.1935,1.199,1.2045,1.21,1.2155,1.221,1.2265,1.232,1.2375,1.243,1.2485,1.254,1.2595
261,1.2,1.206,1.212,1.218,1.224,1.23,1.236,1.242,1.248,1.254,1.26,1.1605,1.166,1.1715,1.177,1.1825,1.188,1.1935,1.199,1.2045,1.21,1.2155,1.221,1.2265,1.232,1.2375,1.243,1.2485,1.254,1.2595
262,1.2,1.206,1.212,1.218,1.224,1.23,1.236,1.242,1.248,1.254,1.155,1.1605,1.166,1.1715,1.177,1.1825,1.188,1.1935,1.199,1.2045,1.21,1.2155,1.221,1.2265,1.232,1.2375,1.243,1.2485,1.254,1.2595
263,1.2,1.206,1.212,1.218,1.224,1.23,1.236,1.242,1.248,1.1495,1.155,1.1605,1.166,1.1715,1.177,1.1825,1.188,1.1935,1.199,1.2045,1.21,1.2155,1.221,1.2265,1.232,1.2375,1.243,1.2485,1.254,1.2595
264,1.2,1.206,1.212,1.218,1.224,1.23,1.236,1.242,1.144,1.1495,1.155,1.1605,1.166,1.1715,1.177,1.1825,1.188,1.1935,1.199,1.2045,1.21,1.2155,1.221,1.2265,1.232,1.2375,1.243,1.2485,1.254,1.2595
265,1.2,1.206,1.212,1.218,1.224,1.23,1.236,1.1385,1.144,1.1495,1.155,1.1605,1.166,1.1715,1.177,1.1825,1.188,1.1935,1.199,1.2045,1.21,1.2155,1.221,1.2265,1.232,1.2375,1.243,1.2485,1.254,1.145
266,1.2,1.206,1.212,1.218,1.224,1.23,1.133,1.1385,1.144,1.1495,1.155,1.1605,1.166,1.1715,1.177,1.1825,1.188,1.1935,1.199,1.2045,1.21,1.2155,1.221,1.2265,1.232,1.2375,1.243,1.2485,1.14,1.145
267,1.2,1.206,1.212,1.218,1.224,1.1275,1.133,1.1385,1.144,1.1495,1.155,1.1605,1.166,1.1715,1.177,1.1825,1.188,1.1935,1.199,1.2045,1.21,1.2155,1.221,1.2265,1.232,1.2375,1.243,1.135,1.14,1.145
268,1.2,1.206,1.212,1.218,1.122,1.1275,1.133,1.1385,1.144,1.1495,1.155,1.1605,1.166,1.1715,1.177,1.1825,1.188,1.1935,1.199,1.2045,1.21,1.2155,1.221,1.2265,1.232,1.2375,1.13,1.135,1.14,1.145
269,1.2,1.206,1.212,1.1165,1.122,1.1275,1.133,1.1385,1.144,1.1495,1.155,1.1605,1.166,1.1715,1.177,1.1825,1.188,1.1935,1.199,1.2045,1.21,1.2155,1.221,1.2265,1.232,1.125,1.13,1.135,1.14,1.145
270,1.2,1.206,1.111,1.1165,1.122,1.1275,1.133,1.1385,1.144,1.1495,1.155,1.1605,1.166,1.1715,1.177,1.1825,1.188,1.1935,1.199,1.2045,1.21,1.2155,1.221,1.2265,1.12,1.125,1.13,1.135,1.14,1.145
271,1.2,1.1055,1.111,1.1165,1.122,1.1275,1.133,1.1385,1.144,1.1495,1.155,1.1605,1.166,1.1715,1.177,1.1825,1.188,1.1935,1.199,1.2045,1.21,1.2155,1.221,1.115,1.12,1.125,1.13,1.135,1.14,1.145
272,1.1,1.1055,1.111,1.1165,1.122,1.1275,1.133,1.1385,1.144,1.1495,1.155,1.1605,1.166,1.1715,1.177,1.1825,1.188,1.1935,1.199,1.2045,1.21,1.2155,1.11,1.115,1.12,1.125,1.13,1.135,1.14,1.145
273,1.1,1.1055,1.111,1.1165,1.122,1.1275,1.133,1.1385,1.144,1.1495,1.155,1.1605,1.166,1.1715,1.177,1.1825,1.188,1.1935,1.199,1.2045,1.21,1.105,1.11,1.115,1.12,1.125,1.13,1.135,1.14,1.145
274,1.1,1.1055,1.111,1.1165,1.122,1.1275,1.133,1.1385,1.144,1.1495,1.155,1.1605,1.166,1.1715,1.177,1.1825,1.188,1.1935,1.199,1.2045,1.1,1.105,1.11,1.115,1.12,1.125,1.13,1.135,1.14,1.145
275,1.1,1.1055,1.111,1.1165,1.122,1.1275,1.133,1.1385,1.144,1.1495,1.155,1.1605,1.166,1.1715,1.177,1.1825,1.188,1.1935,1.199,1.095,1.1,1.105,1.11,1.115,1.12,1.125,1.13,1.135,1.14,1.145
276,1.1,1.1055,1.111,1.1165,1.122,1.1275,1.133,1.1385,1.144,1.1495,1.155,1.1605,1.166,1.1715,1.177,1.1825,1.188,1.1935,1.09,1.095,1.1,1.105,1.11,1.115,1.12,1.125,1.13,1.135,1.14,1.145
277,1.1,1.1055,1.111,1.1165,1.122,1.1275,1.133,1.1385,1.144,1.1495,1.155,1.1605,1.166,1.1715,1.177,1.1825,1.188,1.085,1.09,1.095,1.1,1.105,1.11,1.115,1.12,1.125,1.13,1.135,1.14,1.145
278,1.1,1.1055,1.111,1.1165,1.122,1.1275,1.133,1.1385,1.144,1.1495,1.155,1.1605,1.166,1.1715,1.177,1.1825,1.08,1.085,1.09,1.095,1.1,1.105,1.11,1.115,1.12,1.125,1.13,1.135,1.14,1.145
279,1.1,1.1055,1.111,1.1165,1.122,1.1275,1.133,1.1385,1.144,1.1495,1.155,1.1605,1.166,1.1715,1.177,1.075,1.08,1.085,1.09,1.095,1.1,1.105,1.11,1.115,1.12,1.125,1.13,1.135,1.14,1.145
280,1.1,1.1055,1.111,1.1165,1.122,1.1275,1.133,1.1385,1.144,1.1495,1.155,1.1605,1.166,1.1715,1.07,1.075,1.08,1.085,1.09,1.095,1.1,1.105,1.11,1.115,1.12,1.125,1.13,1.135,1.14,1.145
281,1.1,1.1055,1.111,1.1165,1.122,1.1275,1.133,1.1385,1.144,1.1495,1.155,1.1605,1.166,1.065,1.07,1.075,1.08,1.085,1.09,1.095,1.1,1.105,1.11,1.115,1.12,1.125,1.13,1.135,1.14,1.145
282,1.1,1.1055,1.111,1.1165,1.122,1.1275,1.133,1.1385,1.144,1.1495,1.155,1.1605,1.06,1.065,1.07,1.075,1.08,1.085,1.09,1.095,1.1,1.105,1.11,1.115,1.12,1.125,1.13,1.135,1.14,1.145
283,1.1,1.1055,1.111,1.1165,1.122,1.1275,1.133,1.1385,1.144,1.1495,1.155,1.055,1.06,1.065,1.07,1.075,1.08,1.085,1.09,1.095,1.1,1.105,1.11,1.115,1.12,1.125,1.13,1.135,1.14,1.145
284,1.1,1.1055,1.111,1.1165,1.122,1.1275,1.133,1.1385,1.144,1.1495,1.05,1.055,1.06,1.065,1.07,1.075,1.08,1.085,1.09,1.095,1.1,1.105,1.11,1.115,1.12,1.125,1.13,1.135,1.14,1.145
285,1.1,1.1055,1.111,1.1165,1.122,1.1275,1.133,1.1385,1.144,1.045,1.05,1.055,1.06,1.065,1.07,1.075,1.08,1.085,1.09,1.095,1.1,1.105,1.11,1.115,1.12,1.125,1.13,1.135,1.14,1.145
286,1.1,1.1055,1.111,1.1165,1.122,1.1275,1.133,1.1385,1.04,1.045,1.05,1.055,1.06,1.065,1.07,1.075,1.08,1.085,1.09,1.095,1.1,1.105,1.11,1.115,1.12,1.125,1.13,1.135,1.14,1.145
287,1.1,1.1055,1.111,1.1165,1.122,1.1275,1.133,1.035,1.04,1.045,1.05,1.055,1.06,1.065,1.07,1.075,1.08,1.085,1.09,1.095,1.1,1.105,1.11,1.115,1.12,1.125,1.13,1.135,1.14,1.145
288,1.1,1.1055,1.111,1.1165,1.122,1.1275,1.03,1.035,1.04,1.045,1.05,1.055,1.06,1.065,1.07,1.075,1.08,1.085,1.09,1.095,1.1,1.105,1.11,1.115,1.12,1.125,1.13,1.135,1.14,1.145
289,1.1,1.1055,1.111,1.1165,1.122,1.025,1.03,1.035,1.04,1.045,1.05,1.055,1.06,1.065,1.07,1.075,1.08,1.085,1.09,1.095,1.1,1.105,1.11,1.115,1.12,1.125,1.13,1.135,1.14,1.145
290,1.1,1.1055,1.111,1.1165,1.02,1.025,1.03,1.035,1.04,1.045,1.05,1.055,1.06,1.065,1.07,1.075,1.08,1.085,1.09,1.095,1.1,1.105,1.11,1.115,1.12,1.125,1.13,1.135,1.14,1.145
291,1.1,1.1055,1.111,1.015,1.02,1.025,1.03,1.035,1.04,1.045,1.05,1.055,1.06,1.065,1.07,1.075,1.08,1.085,1.09,1.095,1.1,1.105,1.11,1.115,1.12,1.125,1.13,1.135,1.14,1.145
292,1.1,1.1055,1.01,1.015,1.02,1.025,1.03,1.035,1.04,1.045,1.05,1.055,1.06,1.065,1.07,1.075,1.08,1.085,1.09,1.095,1.1,1.105,1.11,1.115,1.12,1.125,1.13,1.135,1.14,1.145
293,1.1,1.005,1.01,1.015,1.02,1.025,1.03,1.035,1.04,1.045,1.05,1.055,1.06,1.065,1.07,1.075,1.08,1.085,1.09,1.095,1.1,1.105,1.11,1.115,1.12,1.125,1.13,1.135,1.14,1.145
294,1,1.005,1.01,1.015,1.02,1.025,1.03,1.035,1.04,1.045,1.05,1.055,1.06,1.065,1.07,1.075,1.08,1.085,1.09,1.095,1.1,1.105,1.11,1.115,1.12,1.125,1.13,1.135,1.14,1.145
295,1,1.005,1.01,1.015,1.02,1.025,1.03,1.035,1.04,1.045,1.05,1.055,1.06,1.065,1.07,1.075,1.08,1.085,1.09,1.095,1.1,1.105,1.11,1.115,1.12,1.125,1.13,1.135,1.14,1.145
296,1,1.005,1.01,1.015,1.02,1.025,1.03,1.035,1.04,1.045,1.05,1.055,1.06,1.065,1.07,1.075,1.08,1.085,1.09,1.095,1.1,1.105,1.11,1.115,1.12,1.125,1.13,1.135,1.14,1.145
297,1,1.005,1.01,1.015,1.02,1.025,1.03,1.035,1.04,1.045,1.05,1.055,1.06,1.065,1.07,1.075,1.08,1.085,1.09,1.095,1.1,1.105,1.11,1.115,1.12,1.125,1.13,1.135,1.14,1.145
298,1,1.005,1.01,1.015,1.02,1.025,1.03,1.035,1.04,1.045,1.05,1.055,1.06,1.065,1.07,1.075,1.08,1.085,1.09,1.095,1.1,1.105,1.11,1.115,1.12,1.125,1.13,1.135,1.14,1.145
299,1,1.005,1.01,1.015,1.02,1.025,1.03,1.035,1.04,1.045,1.05,1.055,1.06,1.065,1.07,1.075,1.08,1.085,1.09,1.095,1.1,1.105,1.11,1.115,1.12,1.125,1.13,1.135,1.14,1.145
300,1,1.005,1.01,1.015,1.02,1.025,1.03,1.035,1.04,1.045,1.05,1.055,1.06,1.065,1.07,1.075,1.08,1.085,1.09,1.095,1.1,1.105,1.11,1.115,1.12,1.125,1.13,1.135,1.14,1.145
301,1,1.005,1.01,1.015,1.02,1.025,1.03,1.035,1.04,1.045,1.05,1.055,1.06,1.065,1.07,1.075,1.08,1.085,1.09,1.095,1.1,1.105,1.11,1.115,1.12,1.125,1.13,1.135,1.14,1.145
302,1,1.005,1.01,1.015,1.02,1.025,1.03,1.035,1.04,1.045,1.05,1.055,1.06,1.065,1.07,1.075,1.08,1.085,1.09,1.095,1.1,1.105,1.11,1.115,1.12,1.125,1.13,1.135,1.14,1.145
303,1,1.005,1.01,1.015,1.02,1.025,1.03,1.035,1.04,1.045,1.05,1.055,1.06,1.065,1.07,1.075,1.08,1.085,1.09,1.095,1.1,1.105,1.11,1.115,1.12,1.125,1.13,1.135,1.14,1.145
304,1,1.005,1.01,1.015,1.02,1.025,1.03,1.035,1.04,1.045,1.05,1.055,1.06,1.065,1.07,1.075,1.08,1.085,1.09,1.095,1.1,1.105,1.11,1.115,1.12,1.125,1.13,1.135,1.14,1.145
305,1,1.005,1.01,1.015,1.02,1.025,1.03,1.035,1.04,1.045,1.05,1.055,1.06,1.065,1.07,1.075,1.08,1.085,1.09,1.095,1.1,1.105,1.11,1.115,1.12,1.125,1.13,1.135,1.14,1.145
306,1,1.005,1.01,1.015,1.02,1.025,1.03,1.035,1.04,1.045,1.05,1.055,1.06,1.065,1.07,1.075,1.08,1.085,1.09,1.095,1.1,1.105,1.11,1.115,1.12,1.125,1.13,1.135,1.14,1.145
307,1,1.005,1.01,1.015,1.02,1.025,1.03,1.035,1.04,1.045,1.05,1.055,1.06,1.065,1.07,1.075,1.08,1.085,1.09,1.095,1.1,1.105,1.11,1.115,1.12,1.125,1.13,1.135,1.14,1.145
308,1,1.005,1.01,1.015,1.02,1.025,1.03,1.035,1.04,1.045,1.05,1.055,1.06,1.065,1.07,1.075,1.08,1.085,1.09,1.095,1.1,1.105,1.11,1.115,1.12,1.125,1.13,1.135,1.14,1.145
309,1,1.005,1.01,1.015,1.02,1.025,1.03,1.035,1.04,1.045,1.05,1.055,1.06,1.065,1.07,1.075,1.08,1.085,1.09,1.095,1.1,1.105,1.11,1.115,1.12,1.125,1.13,1.135,1.14,1.145
310,1,1.005,1.01,1.015,1.02,1.025,1.03,1.035,1.04,1.045,1.05,1.055,1.06,1.065,1.07,1.075,1.08,1.085,1.09,1.095,1.1,1.105,1.11,1.115,1.12,1.125,1.13,1.135,1.14,1.145
311,1,1.005,1.01,1.015,1.02,1.025,1.03,1.035,1.04,1.045,1.05,1.055,1.06,1.065,1.07,1.075,1.08,1.085,1.09,1.095,1.1,1.105,1.11,1.115,1.12,1.125,1.13,1.135,1.14,1.145
312,1,1.005,1.01,1.015,1.02,1.025,1.03,1.035,1.04,1.045,1.05,1.055,1.06,1.065,1.07,1.075,1.08,1.085,1.09,1.095,1.1,1.105,1.11,1.115,1.12,1.125,1.13,1.135,1.14,1.145
313,1,1.005,1.01,1.015,1.02,1.025,1.03,1.035,1.04,1.045,1.05,1.055,1.06,1.065,1.07,1.075,1.08,1.085,1.09,1.095,1.1,1.105,1.11,1.115,1.12,1.125,1.13,1.135,1.14,1.145
314,1,1.005,1.01,1.015,1.02,1.025,1.03,1.035,1.04,1.045,1.05,1.055,1.06,1.065,1.07,1.075,1.08,1.085,1.09,1.095,1.1,1.105,1.11,1.115,1.12,1.125,1.13,1.135,1.14,1.145
315,1,1.005,1.01,1.015,1.02,1.025,1.03,1.035,1.04,1.045,1.05,1.055,1.06,1.065,1.07,1.075,1.08,1.085,1.09,1.095,1.1,1.105,1.11,1.115,1.12,1.125,1.13,1.135,1.14,1.145
316,1,1.005,1.01,1.015,1.02,1.025,1.03,1.035,1.04,1.045,1.05,1.055,1.06,1.065,1.07,1.075,1.08,1.085,1.09,1.095,1.1,1.105,1.11,1.115,1.12,1.125,1.13,1.135,1.14,1.145
317,1,1.005,1.01,1.015,1.02,1.025,1.03,1.035,1.04,1.045,1.05,1.055,1.06,1.065,1.07,1.075,1.08,1.085,1.09,1.095,1.1,1.105,1.11,1.115,1.12,1.125,1.13,1.135,1.14,1.145
318,1,1.005,1.01,1.015,1.02,1.025,1.03,1.035,1.04,1.045,1.05,1.055,1.06,1.065,1.07,1.075,1.08,1.085,1.09,1.095,1.1,1.105,1.11,1.115,1.12,1.125,1.13,1.135,1.14,1.145
319,1,1.005,1.01,1.015,1.02,1.025,1.03,1.035,1.04,1.045,1.05,1.055,1.06,1.065,1.07,1.075,1.08,1.085,1.09,1.095,1.1,1.105,1.11,1.115,1.12,1.125,1.13,1.135,1.14,1.145
320,1,1.005,1.01,1.015,1.02,1.025,1.03,1.035,1.04,1.045,1.05,1.055,1.06,1.065,1.07,1.075,1.08,1.085,1.09,1.095,1.1,1.105,1.11,1.115,1.12,1.125,1.13,1.135,1.14,1.145
321,1,1.005,1.01,1.015,1.02,1.025,1.03,1.035,1.04,1.045,1.05,1.055,1.06,1.065,1.07,1.075,1.08,1.085,1.09,1.095,1.1,1.105,1.11,1.115,1.12,1.125,1.13,1.135,1.14,1.145
322,1,1.005,1.01,1.015,1.02,1.025,1.03,1.035,1.04,1.045,1.05,1.055,1.06,1.065,1.07,1.075,1.08,1.085,1.09,1.095,1.1,1.105,1.11,1.115,1.12,1.125,1.13,1.135,1.14,1.145
323,1,1.005,1.01,1.015,1.02,1.025,1.03,1.035,1.04,1.045,1.05,1.055,1.06,1.065,1.07,1.075,1.08,1.085,1.09,1.095,1.1,1.105,1.11,1.115,1.12,1.125,1.13,1.135,1.14,1.145
324,1,1.005,1.01,1.015,1.02,1.025,1.03,1.035,1.04,1.045,1.05,1.055,1.06,1.065,1.07,1.075,1.08,1.085,1.09,1.095,1.1,1.105,1.11,1.115,1.12,1.125,1.13,1.135,1.14,1.145
325,1,1.005,1.01,1.015,1.02,1.025,1.03,1.035,1.04,1.045,1.05,1.055,1.06,1.065,1.07,1.075,1.08,1.085,1.09,1.095,1.1,1.105,1.11,1.115,1.12,1.125,1.13,1.135,1.14,1.145
326,1,1.005,1.01,1.015,1.02,1.025,1.03,1.035,1.04,1.045,1.05,1.055,1.06,1.065,1.07,1.075,1.08,1.085,1.09,1.095,1.1,1.105,1.11,1.115,1.12,1.125,1.13,1.135,1.14,1.145
327,1,1.005,1.01,1.015,1.02,1.025,1.03,1.035,1.04,1.045,1.05,1.055,1.06,1.065,1.07,1.075,1.08,1.085,1.09,1.095,1.1,1.105,1.11,1.115,1.12,1.125,1.13,1.135,1.14,1.145
328,1,1.005,1.01,1.015,1.02,1.025,1.03,1.035,1.04,1.045,1.05,1.055,1.06,1.065,1.07,1.075,1.08,1.085,1.09,1.095,1.1,1.105,1.11,1.115,1.12,1.125,1.13,1.135,1.14,1.145
329,1,1.005,1.01,1.015,1.02,1.025,1.03,1.035,1.04,1.045,1.05,1.055,1.06,1.065,1.07,1.075,1.08,1.085,1.09,1.095,1.1,1.105,1.11,1.115,1.12,1.125,1.13,1.135,1.14,1.145
330,1,1.005,1.01,1.015,1.02,1.025,1.03,1.035,1.04,1.045,1.05,1.055,1.06,1.065,1.07,1.075,1.08,1.085,1.09,1.095,1.1,1.105,1.11,1.115,1.12,1.125,1.13,1.135,1.14,1.145
331,1,1.005,1.01,1.015,1.02,1.025,1.03,1.035,1.04,1.045,1.05,1.055,1.06,1.065,1.07,1.075,1.08,1.085,1.09,1.095,1.1,1.105,1.11,1.115,1.12,1.125,1.13,1.135,1.14,1.145
332,1,1.005,1.01,1.015,1.02,1.025,1.03,1.035,1.04,1.045,1.05,1.055,1.06,1.065,1.07,1.075,1.08,1.085,1.09,1.095,1.1,1.105,1.11,1.115,1.12,1.125,1.13,1.135,1.14,1.145
333,1,1.005,1.01,1.015,1.02,1.025,1.03,1.035,1.04,1.045,1.05,1.055,1.06,1.065,1.07,1.075,1.08,1.085,1.09,1.095,1.1,1.105,1.11,1.115,1.12,1.125,1.13,1.135,1.14,1.145
334,1,1.005,1.01,1.015,1.02,1.025,1.03,1.035,1.04,1.045,1.05,1.055,1.06,1.065,1.07,1.075,1.08,1.085,1.09,1.095,1.1,1.105,1.11,1.115,1.12,1.125,1.13,1.135,1.14,1.145
335,1,1.005,1.01,1.015,1.02,1.025,1.03,1.035,1.04,1.045,1.05,1.055,1.06,1.065,1.07,1.075,1.08,1.085,1.09,1.095,1.1,1.105,1.11,1.115,1.12,1.125,1.13,1.135,1.14,1.145
336,1,1.005,1.01,1.015,1.02,1.025,1.03,1.035,1.04,1.045,1.05,1.055,1.06,1.065,1.07,1.075,1.08,1.085,1.09,1.095,1.1,1.105,1.11,1.115,1.12,1.125,1.13,1.135,1.14,1.145
337,1,1.005,1.01,1.015,1.02,1.025,1.03,1.035,1.04,1.045,1.05,1.055,1.06,1.065,1.07,1.075,1.08,1.085,1.09,1.095,1.1,1.105,1.11,1.115,1.12,1.125,1.13,1.135,1.14,1.145
338,1,1.005,1.01,1.015,1.02,1.025,1.03,1.035,1.04,1.045,1.05,1.055,1.06,1.065,1.07,1.075,1.08,1.085,1.09,1.095,1.1,1.105,1.11,1.115,1.12,1.125,1.13,1.135,1.14,1.145
339,1,1.005,1.01,1.015,1.02,1.025,1.03,1.035,1.04,1.045,1.05,1.055,1.06,1.065,1.07,1.075,1.08,1.085,1.09,1.095,1.1,1.105,1.11,1.115,1.12,1.125,1.13,1.135,1.14,1.145
340,1,1.005,1.01,1.015,1.02,1.025,1.03,1.035,1.04,1.045,1.05,1.055,1.06,1.065,1.07,1.075,1.08,1.085,1.09,1.095,1.1,1.105,1.11,1.115,1.12,1.125,1.13,1.135,1.14,1.145
341,1,1.005,1.01,1.015,1.02,1.025,1.03,1.035,1.04,1.045,1.05,1.055,1.06,1.065,1.07,1.075,1.08,1.085,1.09,1.095,1.1,1.105,1.11,1.115,1.12,1.125,1.13,1.135,1.14,1.145
342,1,1.005,1.01,1.015,1.02,1.025,1.03,1.035,1.04,1.045,1.05,1.055,1.06,1.065,1.07,1.075,1.08,1.085,1.09,1.095,1.1,1.105,1.11,1.115,1.12,1.125,1.13,1.135,1.14,1.145
343,1,1.005,1.01,1.015,1.02,1.025,1.03,1.035,1.04,1.045,1.05,1.055,1.06,1.065,1.07,1.075,1.08,1.085,1.09,1.095,1.1,1.105,1.11,1.115,1.12,1.125,1.13,1.135,1.14,1.145
344,1,1.005,1.01,1.015,1.02,1.025,1.03,1.035,1.04,1.045,1.05,1.055,1.06,1.065,1.07,1.075,1.08,1.085,1.09,1.095,1.1,1.105,1.11,1.115,1.12,1.125,1.13,1.135,1.14,1.145
345,1,1.005,1.01,1.015,1.02,1.025,1.03,1.035,1.04,1.045,1.05,1.055,1.06,1.065,1.07,1.075,1.08,1.085,1.09,1.095,1.1,1.105,1.11,1.115,1.12,1.125,1.13,1.135,1.14,1.145
346,1,1.005,1.01,1.015,1.02,1.025,1.03,1.035,1.04,1.045,1.05,1.055,1.06,1.065,1.07,1.075,1.08,1.085,1.09,1.095,1.1,1.105,1.11,1.115,1.12,1.125,1.13,1.135,1.14,1.145
347,1,1.005,1.01,1.015,1.02,1.025,1.03,1.035,1.04,1.045,1.05,1.055,1.06,1.065,1.07,1.075,1.08,1.085,1.09,1.095,1.1,1.105,1.11,1.115,1.12,1.125,1.13,1.135,1.14,1.145
348,1,1.005,1.01,1.015,1.02,1.025,1.03,1.035,1.04,1.045,1.05,1.055,1.06,1.065,1.07,1.075,1.08,1.085,1.09,1.095,1.1,1.105,1.11,1.115,1.12,1.125,1.13,1.135,1.14,1.145
349,1,1.005,1.01,1.015,1.02,1.025,1.03,1.035,1.04,1.045,1.05,1.055,1.06,1.065,1.07,1.075,1.08,1.085,1.09,1.095,1.1,1.105,1.11,1.115,1.12,1.125,1.13,1.135,1.14,1.145
350,1,1.005,1.01,1.015,1.02,1.025,1.03,1.035,1.04,1.045,1.05,1.055,1.06,1.065,1.07,1.075,1.08,1.085,1.09,1.095,1.1,1.105,1.11,1.115,1.12,1.125,1.13,1.135,1.14,1.145
351,1,1.005,1.01,1.015,1.02,1.025,1.03,1.035,1.04,1.045,1.05,1.055,1.06,1.065,1.07,1.075,1.08,1.085,1.09,1.095,1.1,1.105,1.11,1.115,1.12,1.125,1.13,1.135,1.14,1.145
352,1,1.005,1.01,1.015,1.02,1.025,1.03,1.035,1.04,1.045,1.05,1.055,1.06,1.065,1.07,1.075,1.08,1.085,1.09,1.095,1.1,1.105,1.11,1.115,1.12,1.125,1.13,1.135,1.14,1.145
353,1,1.005,1.01,1.015,1.02,1.025,1.03,1.035,1.04,1.045,1.05,1.055,1.06,1.065,1.07,1.075,1.08,1.085,1.09,1.095,1.1,1.105,1.11,1.115,1.12,1.125,1.13,1.135,1.14,1.145
354,1,1.005,1.01,1.015,1.02,1.025,1.03,1.035,1.04,1.045,1.05,1.055,1.06,1.065,1.07,1.075,1.08,1.085,1.09,1.095,1.1,1.105,1.11,1.115,1.12,1.125,1.13,1.135,1.14,1.145
355,1,1.005,1.01,1.015,1.02,1.025,1.03,1.035,1.04,1.045,1.05,1.055,1.06,1.065,1.07,1.075,1.08,1.085,1.09,1.095,1.1,1.105,1.11,1.115,1.12,1.125,1.13,1.135,1.14,1.145
356,1,1.005,1.01,1.015,1.02,1.025,1.03,1.035,1.04,1.045,1.05,1.055,1.06,1.065,1.07,1.075,1.08,1.085,1.09,1.095,1.1,1.105,1.11,1.115,1.12,1.125,1.13,1.135,1.14,1.145
357,1,1.005,1.01,1.015,1.02,1.025,1.03,1.035,1.04,1.045,1.05,1.055,1.06,1.065,1.07,1.075,1.08,1.085,1.09,1.095,1.1,1.105,1.11,1.115,1.12,1.125,1.13,1.135,1.14,1.145
358,1,1.005,1.01,1.015,1.02,1.025,1.03,1.035,1.04,1.045,1.05,1.055,1.06,1.065,1.07,1.075,1.08,1.085,1.09,1.095,1.1,1.105,1.11,1.115,1.12,1.125,1.13,1.135,1.14,1.145
359,1,1.005,1.01,1.015,1.02,1.025,1.03,1.035,1.04,1.045,1.05,1.055,1.06,1.065,1.07,1.075,1.08,1.085,1.09,1.095,1.1,1.105,1.11,1.115,1.12,1.125,1.13,1.135,1.14,1.145
360,1,1.005,1.01,1.015,1.02,1.025,1.03,1.035,1.04,1.045,1.05,1.055,1.06,1.065,1.07,1.075,1.08,1.085,1.09,1.095,1.1,1.105,1.11,1.115,1.12,1.125,1.13,1.135,1.14,1.145
361,1,1.005,1.01,1.015,1.02,1.025,1.03,1.035,1.04,1.045,1.05,1.055,1.06,1.065,1.07,1.075,1.08,1.085,1.09,1.095,1.1,1.105,1.11,1.115,1.12,1.125,1.13,1.135,1.14,1.145
362,1,1.005,1.01,1.015,1.02,1.025,1.03,1.035,1.04,1.045,1.05,1.055,1.06,1.065,1.07,1.075,1.08,1.085,1.09,1.095,1.1,1.105,1.11,1.115,1.12,1.125,1.13,1.135,1.14,1.145
363,1,1.005,1.01,1.015,1.02,1.025,1.03,1.035,1.04,1.045,1.05,1.055,1.06,1.065,1.07,1.075,1.08,1.085,1.09,1.095,1.1,1.105,1.11,1.115,1.12,1.125,1.13,1.135,1.14,1.145
364,1,1.005,1.01,1.015,1.02,1.025,1.03,1.035,1.04,1.045,1.05,1.055,1.06,1.065,1.07,1.075,1.08,1.085,1.09,1.095,1.1,1.105,1.11,1.115,1.12,1.125,1.13,1.135,1.14,1.145
365,1,1.005,1.01,1.015,1.02,1.025,1.03,1.035,1.04,1.045,1.05,1.055,1.06,1.065,1.07,1.075,1.08,1.085,1.09,1.095,1.1,1.105,1.11,1.115,1.12,1.125,1.13,1.135,1.14,1.145